"docsName","ClassName","None","slf4j-api-1.6.1.jar","walker.jar","jsr311-api-1.1.1.jar","wink-common-1.2.1-incubating.jar","commons-math3-3.0.jar","selenium-server-standalone-2.41.0.jar","wink-client-1.2.1-incubating.jar","xmlbeans-2.4.0.jar","poi-3.7-20101029-mod.jar","poi-ooxml-3.7-20101029.jar","servlet-api.jar","jsch-0.1.51.jar","commons-io-2.1.jar","commons-codec-1.7.jar","wink-1.2.1-incubating.jar","db2jcc.jar","tomcat-dbcp.jar","commons-httpclient-3.1.jar","solr-solrj-4.4.0.jar","solr-core-4.4.0.jar","lucene-core-4.4.0.jar","carrot2-mini-3.6.2.jar","guava-14.0.1.jar","commons-lang-2.6.jar","lucene-analyzers-common-4.4.0.jar","org.eclipse.jdt.core_3.9.1.v20130905-0837.jar","mail.jar","json-simple-1.1.1.jar"
"/Users/shreya/git/digdeep/digdeep-exploration-common/src/com/ibm/research/digdeep/exploration/DataExplorationDomain.java","DataExplorationDomain.java","0.6931471805599453","0.0","0.0","0.0","0.0","0.0","0.0","0.0","0.0","0.0","0.0","0.0","0.0","0.0","0.0","0.0","0.0","0.0","0.0","0.0","0.0","0.0","0.0","0.0","0.0","0.0","0.0","0.0","0.0"
"/Users/shreya/git/digdeep/digdeep-tickets-common/src/com/ibm/research/digdeep/preventive/TicketAnalysis.java","TicketAnalysis.java","0.6931471805599453","0.0","0.0","0.0","0.0","0.0","0.0","0.0","0.0","0.0","0.0","0.0","0.0","0.0","0.0","0.0","0.0","0.0","0.0","0.0","0.0","0.0","0.0","0.0","0.0","0.0","0.0","0.0","0.0"
"/Users/shreya/git/digdeep/digdeep-tickets-common/src/com/ibm/research/digdeep/preventive/TicketAnalysisDomain.java","TicketAnalysisDomain.java","0.6931471805599453","0.0","0.0","0.0","0.0","0.0","0.0","0.0","0.0","0.0","0.0","0.0","0.0","0.0","0.0","0.0","0.0","0.0","0.0","0.0","0.0","0.0","0.0","0.0","0.0","0.0","0.0","0.0","0.0"
"/Users/shreya/git/digdeep/digdeep-git-history-processing/src/com/ibm/research/digdeep/git/GitHistoryProcessor.java","GitHistoryProcessor.java","0.0","0.16566044331920002","0.0","0.0","0.0","0.0","0.0","0.0","0.0","0.0","0.0","0.0","0.0","0.0","0.0","0.0","0.0","0.0","0.0","0.0","0.0","0.0","0.0","0.0","0.0","0.0","0.0","0.0","0.0"
"/Users/shreya/git/digdeep/digdeep-git-history-processing/src/com/ibm/research/digdeep/git/GitHistoryWalker.java","GitHistoryWalker.java","0.0","0.0","2.642714890730108","0.0","0.0","0.0","0.0","0.0","0.0","0.0","0.0","0.0","0.0","0.0","0.0","0.0","0.0","0.0","0.0","0.0","0.0","0.0","0.0","0.0","0.0","0.0","0.0","0.0","0.0"
"/Users/shreya/git/digdeep/digdeep-exploration-web/src/com/ibm/research/digdeep/exploration/CustomDataResource.java","CustomDataResource.java","0.0","0.12743111024553846","0.0","0.5865091527814922","0.19852312876450723","0.0","0.0","0.0","0.0","0.0","0.0","0.0","0.0","0.0","0.0","0.0","0.0","0.0","0.0","0.0","0.0","0.0","0.0","0.0","0.0","0.0","0.0","0.0","0.0"
"/Users/shreya/git/digdeep/digdeep-git-history-common/src/com/ibm/research/digdeep/git/GitHistoryDomain.java","GitHistoryDomain.java","0.6931471805599453","0.0","0.0","0.0","0.0","0.0","0.0","0.0","0.0","0.0","0.0","0.0","0.0","0.0","0.0","0.0","0.0","0.0","0.0","0.0","0.0","0.0","0.0","0.0","0.0","0.0","0.0","0.0","0.0"
"/Users/shreya/git/digdeep/digdeep-external-common/src/com/ibm/research/digdeep/external/ExternalIndexDomain.java","ExternalIndexDomain.java","0.6931471805599453","0.0","0.0","0.0","0.0","0.0","0.0","0.0","0.0","0.0","0.0","0.0","0.0","0.0","0.0","0.0","0.0","0.0","0.0","0.0","0.0","0.0","0.0","0.0","0.0","0.0","0.0","0.0","0.0"
"/Users/shreya/git/digdeep/digdeep-web-common/src/com/ibm/research/dto/SOLRSchemaDTO.java","SOLRSchemaDTO.java","0.6931471805599453","0.0","0.0","0.0","0.0","0.0","0.0","0.0","0.0","0.0","0.0","0.0","0.0","0.0","0.0","0.0","0.0","0.0","0.0","0.0","0.0","0.0","0.0","0.0","0.0","0.0","0.0","0.0","0.0"
"/Users/shreya/git/digdeep/digdeep-web-common/src/com/ibm/research/dto/Recommendation.java","Recommendation.java","0.6931471805599453","0.0","0.0","0.0","0.0","0.0","0.0","0.0","0.0","0.0","0.0","0.0","0.0","0.0","0.0","0.0","0.0","0.0","0.0","0.0","0.0","0.0","0.0","0.0","0.0","0.0","0.0","0.0","0.0"
"/Users/shreya/git/digdeep/digdeep-web-common/src/com/ibm/research/dto/Entropy.java","Entropy.java","0.6931471805599453","0.0","0.0","0.0","0.0","0.0","0.0","0.0","0.0","0.0","0.0","0.0","0.0","0.0","0.0","0.0","0.0","0.0","0.0","0.0","0.0","0.0","0.0","0.0","0.0","0.0","0.0","0.0","0.0"
"/Users/shreya/git/digdeep/digdeep-web-common/src/com/ibm/research/dto/SeqCache.java","SeqCache.java","0.6931471805599453","0.0","0.0","0.0","0.0","0.0","0.0","0.0","0.0","0.0","0.0","0.0","0.0","0.0","0.0","0.0","0.0","0.0","0.0","0.0","0.0","0.0","0.0","0.0","0.0","0.0","0.0","0.0","0.0"
"/Users/shreya/git/digdeep/digdeep-web-common/src/com/ibm/research/dto/NameValue.java","NameValue.java","0.6931471805599453","0.0","0.0","0.0","0.0","0.0","0.0","0.0","0.0","0.0","0.0","0.0","0.0","0.0","0.0","0.0","0.0","0.0","0.0","0.0","0.0","0.0","0.0","0.0","0.0","0.0","0.0","0.0","0.0"
"/Users/shreya/git/digdeep/digdeep-web-common/src/com/ibm/research/dto/Cluster.java","Cluster.java","0.6931471805599453","0.0","0.0","0.0","0.0","0.0","0.0","0.0","0.0","0.0","0.0","0.0","0.0","0.0","0.0","0.0","0.0","0.0","0.0","0.0","0.0","0.0","0.0","0.0","0.0","0.0","0.0","0.0","0.0"
"/Users/shreya/git/digdeep/digdeep-web-common/src/com/ibm/research/dto/Data.java","Data.java","0.6931471805599453","0.0","0.0","0.0","0.0","0.0","0.0","0.0","0.0","0.0","0.0","0.0","0.0","0.0","0.0","0.0","0.0","0.0","0.0","0.0","0.0","0.0","0.0","0.0","0.0","0.0","0.0","0.0","0.0"
"/Users/shreya/git/digdeep/digdeep-web-common/src/com/ibm/research/dto/RecommendationsGenerator.java","RecommendationsGenerator.java","0.0","0.0","0.0","0.0","0.0","0.18406715924355557","0.0","0.0","0.0","0.0","0.0","0.0","0.0","0.0","0.0","0.0","0.0","0.0","0.0","0.0","0.0","0.0","0.0","0.0","0.0","0.0","0.0","0.0","0.0"
"/Users/shreya/git/digdeep/digdeep-web-common/src/com/ibm/research/dto/Dimension.java","Dimension.java","0.6931471805599453","0.0","0.0","0.0","0.0","0.0","0.0","0.0","0.0","0.0","0.0","0.0","0.0","0.0","0.0","0.0","0.0","0.0","0.0","0.0","0.0","0.0","0.0","0.0","0.0","0.0","0.0","0.0","0.0"
"/Users/shreya/git/digdeep/digdeep-web-common/src/com/ibm/research/dto/RecommendationType.java","RecommendationType.java","0.6931471805599453","0.0","0.0","0.0","0.0","0.0","0.0","0.0","0.0","0.0","0.0","0.0","0.0","0.0","0.0","0.0","0.0","0.0","0.0","0.0","0.0","0.0","0.0","0.0","0.0","0.0","0.0","0.0","0.0"
"/Users/shreya/git/digdeep/digdeep-web-common/src/com/ibm/research/dto/RRecommendation.java","RRecommendation.java","0.6931471805599453","0.0","0.0","0.0","0.0","0.0","0.0","0.0","0.0","0.0","0.0","0.0","0.0","0.0","0.0","0.0","0.0","0.0","0.0","0.0","0.0","0.0","0.0","0.0","0.0","0.0","0.0","0.0","0.0"
"/Users/shreya/git/digdeep/digdeep-web-common/src/com/ibm/research/util/DBUtil.java","DBUtil.java","0.6931471805599453","0.0","0.0","0.0","0.0","0.0","0.0","0.0","0.0","0.0","0.0","0.0","0.0","0.0","0.0","0.0","0.0","0.0","0.0","0.0","0.0","0.0","0.0","0.0","0.0","0.0","0.0","0.0","0.0"
"/Users/shreya/git/digdeep/digdeep-web-common/src/com/ibm/research/util/PreventivUtils.java","PreventivUtils.java","0.6931471805599453","0.0","0.0","0.0","0.0","0.0","0.0","0.0","0.0","0.0","0.0","0.0","0.0","0.0","0.0","0.0","0.0","0.0","0.0","0.0","0.0","0.0","0.0","0.0","0.0","0.0","0.0","0.0","0.0"
"/Users/shreya/git/digdeep/digdeep-web-common/src/com/ibm/research/util/MapUtil.java","MapUtil.java","0.6931471805599453","0.0","0.0","0.0","0.0","0.0","0.0","0.0","0.0","0.0","0.0","0.0","0.0","0.0","0.0","0.0","0.0","0.0","0.0","0.0","0.0","0.0","0.0","0.0","0.0","0.0","0.0","0.0","0.0"
"/Users/shreya/git/digdeep/digdeep-web-common/src/com/ibm/research/util/ConfigStore.java","ConfigStore.java","0.6931471805599453","0.0","0.0","0.0","0.0","0.0","0.0","0.0","0.0","0.0","0.0","0.0","0.0","0.0","0.0","0.0","0.0","0.0","0.0","0.0","0.0","0.0","0.0","0.0","0.0","0.0","0.0","0.0","0.0"
"/Users/shreya/git/digdeep/digdeep-web-common/src/com/ibm/research/util/UTF8Control.java","UTF8Control.java","0.6931471805599453","0.0","0.0","0.0","0.0","0.0","0.0","0.0","0.0","0.0","0.0","0.0","0.0","0.0","0.0","0.0","0.0","0.0","0.0","0.0","0.0","0.0","0.0","0.0","0.0","0.0","0.0","0.0","0.0"
"/Users/shreya/git/digdeep/digdeep-web-common/src/com/ibm/research/util/SOLRSchema.java","SOLRSchema.java","0.0","0.0","0.0","0.0","0.0","0.0","0.8017371023777319","0.5530287158439844","1.0786591390735134","0.0","0.0","0.0","0.0","0.0","0.0","0.0","0.0","0.0","0.0","0.0","0.0","0.0","0.0","0.0","0.0","0.0","0.0","0.0","0.0"
"/Users/shreya/git/digdeep/digdeep-web-common/src/com/ibm/research/util/ExcelUtility.java","ExcelUtility.java","0.0","0.0","0.0","0.0","0.0","0.0","0.0","0.0","0.0","1.4157401200339865","1.4157401200339865","0.0","0.0","0.0","0.0","0.0","0.0","0.0","0.0","0.0","0.0","0.0","0.0","0.0","0.0","0.0","0.0","0.0","0.0"
"/Users/shreya/git/digdeep/digdeep-web-common/src/com/ibm/research/util/Constants.java","Constants.java","0.6931471805599453","0.0","0.0","0.0","0.0","0.0","0.0","0.0","0.0","0.0","0.0","0.0","0.0","0.0","0.0","0.0","0.0","0.0","0.0","0.0","0.0","0.0","0.0","0.0","0.0","0.0","0.0","0.0","0.0"
"/Users/shreya/git/digdeep/digdeep-web-common/src/com/ibm/research/digdeep/web/LocalizedInstance.java","LocalizedInstance.java","0.0","0.0","0.0","0.0","0.0","0.0","0.0","0.0","0.0","0.0","0.0","0.5756462732485115","0.0","0.0","0.0","0.0","0.0","0.0","0.0","0.0","0.0","0.0","0.0","0.0","0.0","0.0","0.0","0.0","0.0"
"/Users/shreya/git/digdeep/digdeep-web-common/src/com/ibm/research/digdeep/web/SavedChart.java","SavedChart.java","0.6931471805599453","0.0","0.0","0.0","0.0","0.0","0.0","0.0","0.0","0.0","0.0","0.0","0.0","0.0","0.0","0.0","0.0","0.0","0.0","0.0","0.0","0.0","0.0","0.0","0.0","0.0","0.0","0.0","0.0"
"/Users/shreya/git/digdeep/digdeep-web-common/src/com/ibm/research/digdeep/web/Auth.java","Auth.java","0.0","0.0","0.0","0.0","0.0","0.0","0.0","0.0","0.0","0.0","0.0","1.5350567286626973","0.0","0.0","0.0","0.0","0.0","0.0","0.0","0.0","0.0","0.0","0.0","0.0","0.0","0.0","0.0","0.0","0.0"
"/Users/shreya/git/digdeep/digdeep-web-common/src/com/ibm/research/digdeep/web/resources/AttachmentsViewResource.java","AttachmentsViewResource.java","0.0","0.3822933307366155","0.0","0.959742250006078","0.0","0.0","0.0","0.0","0.0","0.0","0.0","0.0","0.0","0.0","0.0","0.0","0.0","0.0","0.0","0.0","0.0","0.0","0.0","0.0","0.0","0.0","0.0","0.0","0.0"
"/Users/shreya/git/digdeep/digdeep-web-common/src/com/ibm/research/digdeep/web/resources/AbstractResource.java","AbstractResource.java","0.0","0.0","0.0","0.29706307738283366","0.2765143579219922","0.0","0.0","0.0","0.0","0.0","0.0","0.32894072757057796","0.0","0.0","0.0","0.0","0.0","0.0","0.0","0.0","0.0","0.0","0.0","0.0","0.0","0.0","0.0","0.0","0.0"
"/Users/shreya/git/digdeep/digdeep-web-common/src/com/ibm/research/digdeep/web/resources/AbstractAdminResource.java","AbstractAdminResource.java","0.6931471805599453","0.0","0.0","0.0","0.0","0.0","0.0","0.0","0.0","0.0","0.0","0.0","0.0","0.0","0.0","0.0","0.0","0.0","0.0","0.0","0.0","0.0","0.0","0.0","0.0","0.0","0.0","0.0","0.0"
"/Users/shreya/git/digdeep/digdeep-web-common/src/com/ibm/research/digdeep/web/resources/UserInterfaceResource.java","UserInterfaceResource.java","0.0","0.0","0.0","0.891189232148501","0.0","0.0","0.0","0.0","0.0","0.0","0.0","0.16447036378528898","0.0","0.0","0.0","0.0","0.0","0.0","0.0","0.0","0.0","0.0","0.0","0.0","0.0","0.0","0.0","0.0","0.0"
"/Users/shreya/git/digdeep/digdeep-web-common/src/com/ibm/research/digdeep/web/resources/AccessControlResource.java","AccessControlResource.java","0.0","0.0","0.0","0.733920544122295","0.0","0.0","0.0","0.0","0.0","0.0","0.0","0.13544618194082622","0.0","0.0","0.0","0.0","0.0","0.0","0.0","0.0","0.0","0.0","0.0","0.0","0.0","0.0","0.0","0.0","0.0"
"/Users/shreya/git/digdeep/digdeep-web-common/src/com/ibm/research/digdeep/web/resources/SubResource.java","SubResource.java","0.0","0.0","0.0","2.0794415416798357","0.0","0.0","0.0","0.0","0.0","0.0","0.0","0.0","0.0","0.0","0.0","0.0","0.0","0.0","0.0","0.0","0.0","0.0","0.0","0.0","0.0","0.0","0.0","0.0","0.0"
"/Users/shreya/git/digdeep/digdeep-web-common/src/com/ibm/research/digdeep/web/resources/AggregationService.java","AggregationService.java","0.0","0.08147234917337706","0.0","0.2727136448104703","0.0","0.0","0.0","0.19038693496268316","0.0","0.0","0.0","0.07549459321291954","0.37134167082858666","0.0","0.0","0.0","0.0","0.0","0.0","0.0","0.0","0.0","0.0","0.0","0.0","0.0","0.0","0.0","0.0"
"/Users/shreya/git/digdeep/digdeep-web-common/src/com/ibm/research/digdeep/web/resources/AccountsResource.java","AccountsResource.java","0.0","0.0","0.0","0.6931471805599452","0.0","0.0","0.0","0.0","0.0","0.0","0.0","0.09594104554141858","0.0","0.0","0.0","0.0","0.0","0.0","0.0","0.0","0.0","0.0","0.0","0.0","0.0","0.0","0.0","0.0","0.0"
"/Users/shreya/git/digdeep/digdeep-web-common/src/com/ibm/research/digdeep/web/resources/AbstractViewResource.java","AbstractViewResource.java","0.6931471805599453","0.0","0.0","0.0","0.0","0.0","0.0","0.0","0.0","0.0","0.0","0.0","0.0","0.0","0.0","0.0","0.0","0.0","0.0","0.0","0.0","0.0","0.0","0.0","0.0","0.0","0.0","0.0","0.0"
"/Users/shreya/git/digdeep/digdeep-web-common/src/com/ibm/research/digdeep/web/resources/AccountsAdminResource.java","AccountsAdminResource.java","0.0","0.0","0.0","1.0397207708399179","0.0","0.0","0.0","0.0","0.0","0.0","0.0","0.16447036378528898","0.0","0.0","0.0","0.0","0.0","0.0","0.0","0.0","0.0","0.0","0.0","0.0","0.0","0.0","0.0","0.0","0.0"
"/Users/shreya/git/digdeep/digdeep-web-common/src/com/ibm/research/digdeep/web/resources/ChartsResource.java","ChartsResource.java","0.0","0.0","0.0","0.9530773732699247","0.0","0.0","0.0","0.0","0.0","0.0","0.0","0.0","0.0","0.0","0.0","0.0","0.0","0.0","0.0","0.0","0.0","0.0","0.0","0.0","0.0","0.0","0.0","0.0","0.0"
"/Users/shreya/git/digdeep/digdeep-web-common/src/com/ibm/research/digdeep/web/resources/AbstractAccountsResource.java","AbstractAccountsResource.java","0.0","0.0","0.0","0.5671204204581369","0.0","0.0","0.0","0.0","0.0","0.0","0.0","0.20932591754491328","0.0","0.0","0.0","0.0","0.0","0.0","0.0","0.0","0.0","0.0","0.0","0.0","0.0","0.0","0.0","0.0","0.0"
"/Users/shreya/git/digdeep/digdeep-web-common/src/com/ibm/research/digdeep/web/resources/AttachmentsAdminResource.java","AttachmentsAdminResource.java","0.0","0.0","0.0","0.8755543333388781","0.4074948432534622","0.0","0.0","0.0","0.0","0.0","0.0","0.12118868910494977","0.0","0.19671945359386148","0.0","0.0","0.0","0.0","0.0","0.0","0.0","0.0","0.0","0.0","0.0","0.0","0.0","0.0","0.0"
"/Users/shreya/git/digdeep/digdeep-web-common/src/com/ibm/research/digdeep/web/resources/TaskResource.java","TaskResource.java","0.0","0.0","0.0","1.0397207708399179","0.0","0.0","0.0","0.0","0.0","0.0","0.0","0.0","0.0","0.0","0.0","0.0","0.0","0.0","0.0","0.0","0.0","0.0","0.0","0.0","0.0","0.0","0.0","0.0","0.0"
"/Users/shreya/git/digdeep/digdeep-web-common/src/com/ibm/research/digdeep/web/resources/MetaDataResource.java","MetaDataResource.java","0.0","0.0","0.0","0.8086717106532695","0.0","0.0","0.0","0.0","0.0","0.0","0.0","0.0","0.0","0.0","0.0","0.0","0.0","0.0","0.0","0.0","0.0","0.0","0.0","0.0","0.0","0.0","0.0","0.0","0.0"
"/Users/shreya/git/digdeep/digdeep-web-common/src/com/ibm/research/digdeep/web/queries/SelectSavedChartsForAccountQuery.java","SelectSavedChartsForAccountQuery.java","0.6931471805599453","0.0","0.0","0.0","0.0","0.0","0.0","0.0","0.0","0.0","0.0","0.0","0.0","0.0","0.0","0.0","0.0","0.0","0.0","0.0","0.0","0.0","0.0","0.0","0.0","0.0","0.0","0.0","0.0"
"/Users/shreya/git/digdeep/digdeep-web-common/src/com/ibm/research/digdeep/web/queries/SelectSavedChartByIdQuery.java","SelectSavedChartByIdQuery.java","0.6931471805599453","0.0","0.0","0.0","0.0","0.0","0.0","0.0","0.0","0.0","0.0","0.0","0.0","0.0","0.0","0.0","0.0","0.0","0.0","0.0","0.0","0.0","0.0","0.0","0.0","0.0","0.0","0.0","0.0"
"/Users/shreya/git/digdeep/digdeep-web-common/src/com/ibm/research/digdeep/web/queries/InsertIntoChartsQuery.java","InsertIntoChartsQuery.java","0.6931471805599453","0.0","0.0","0.0","0.0","0.0","0.0","0.0","0.0","0.0","0.0","0.0","0.0","0.0","0.0","0.0","0.0","0.0","0.0","0.0","0.0","0.0","0.0","0.0","0.0","0.0","0.0","0.0","0.0"
"/Users/shreya/git/digdeep/digdeep-web-common/src/com/ibm/research/digdeep/web/queries/DeleteSavedChartByIdQuery.java","DeleteSavedChartByIdQuery.java","0.6931471805599453","0.0","0.0","0.0","0.0","0.0","0.0","0.0","0.0","0.0","0.0","0.0","0.0","0.0","0.0","0.0","0.0","0.0","0.0","0.0","0.0","0.0","0.0","0.0","0.0","0.0","0.0","0.0","0.0"
"/Users/shreya/git/digdeep/digdeep-web-common/src/com/ibm/research/digdeep/web/AuthException.java","AuthException.java","0.0","0.0","0.0","2.0794415416798357","0.0","0.0","0.0","0.0","0.0","0.0","0.0","0.0","0.0","0.0","0.0","0.0","0.0","0.0","0.0","0.0","0.0","0.0","0.0","0.0","0.0","0.0","0.0","0.0","0.0"
"/Users/shreya/git/digdeep/digdeep-web-common/src/com/ibm/research/digdeep/web/AccessControl.java","AccessControl.java","0.0","0.0","0.0","0.18904014015271234","0.0","0.0","0.0","0.0","0.0","0.0","0.0","0.20932591754491328","0.0","0.0","0.0","0.0","0.0","0.0","0.0","0.0","0.0","0.0","0.0","0.0","0.0","0.0","0.0","0.0","0.0"
"/Users/shreya/git/digdeep/digdeep-web-common/src/com/ibm/research/digdeep/web/AuthExceptionMapper.java","AuthExceptionMapper.java","0.0","0.0","0.0","1.782378464297002","0.0","0.0","0.0","0.0","0.0","0.0","0.0","0.32894072757057796","0.0","0.0","0.0","0.0","0.0","0.0","0.0","0.0","0.0","0.0","0.0","0.0","0.0","0.0","0.0","0.0","0.0"
"/Users/shreya/git/digdeep/digdeep-web-common/src/com/ibm/research/digdeep/web/AccessControlException.java","AccessControlException.java","0.0","0.0","0.0","2.0794415416798357","0.0","0.0","0.0","0.0","0.0","0.0","0.0","0.0","0.0","0.0","0.0","0.0","0.0","0.0","0.0","0.0","0.0","0.0","0.0","0.0","0.0","0.0","0.0","0.0","0.0"
"/Users/shreya/git/digdeep/digdeep-web-common/src/com/ibm/research/digdeep/web/GenericExceptionMapper.java","GenericExceptionMapper.java","0.0","0.0","0.0","1.8195113489698562","0.0","0.0","0.0","0.0","0.0","0.0","0.0","0.28782313662425574","0.0","0.0","0.0","0.0","0.0","0.0","0.0","0.0","0.0","0.0","0.0","0.0","0.0","0.0","0.0","0.0","0.0"
"/Users/shreya/git/digdeep/digdeep-web-common/src/com/ibm/research/digdeep/web/services/SolrProxyService.java","SolrProxyService.java","0.0","0.0","0.0","0.5424630108730006","0.0","0.0","0.0","0.5049392622923337","0.0","0.0","0.0","0.0","0.0","0.0","0.0","0.0","0.0","0.0","0.0","0.0","0.0","0.0","0.0","0.0","0.0","0.0","0.0","0.0","0.0"
"/Users/shreya/git/digdeep/digdeep-web-common/src/com/ibm/research/digdeep/web/services/MultiValueService.java","MultiValueService.java","0.0","0.0","0.0","0.5198603854199589","0.0","0.0","0.0","0.0","0.0","0.0","0.0","0.0","0.0","0.0","0.0","0.0","0.0","0.0","0.0","0.0","0.0","0.0","0.0","0.0","0.0","0.0","0.0","0.0","0.0"
"/Users/shreya/git/digdeep/digdeep-web-common/src/com/ibm/research/digdeep/web/services/UsageService.java","UsageService.java","0.0","0.0","0.0","1.1552453009332422","0.0","0.0","0.0","0.0","0.0","0.0","0.0","0.0","0.0","0.0","0.0","0.0","0.0","0.0","0.0","0.0","0.0","0.0","0.0","0.0","0.0","0.0","0.0","0.0","0.0"
"/Users/shreya/git/digdeep/digdeep-web-common/src/com/ibm/research/digdeep/web/services/TimeUsageService.java","TimeUsageService.java","0.0","0.0","0.0","0.5198603854199589","0.0","0.0","0.0","0.0","0.0","0.0","0.0","0.19188209108283716","0.0","0.0","0.0","0.0","0.0","0.0","0.0","0.0","0.0","0.0","0.0","0.0","0.0","0.0","0.0","0.0","0.0"
"/Users/shreya/git/digdeep/digdeep-web-common/src/com/ibm/research/digdeep/web/services/DownloadService.java","DownloadService.java","0.0","0.0","0.0","0.5822436316703541","0.0","0.0","0.0","0.4645441213089469","0.0","0.0","0.0","0.09210340371976183","0.0","0.0","0.0","0.0","0.0","0.0","0.0","0.0","0.0","0.0","0.0","0.0","0.0","0.0","0.0","0.0","0.0"
"/Users/shreya/git/digdeep/digdeep-web-common/src/com/ibm/research/digdeep/web/services/UploadValidationService.java","UploadValidationService.java","0.0","0.0","0.0","0.6616404905344931","0.0","0.0","0.0","0.0","0.0","0.0","0.0","0.10466295877245664","0.0","0.0","0.0","0.0","0.0","0.0","0.0","0.0","0.0","0.0","0.0","0.0","0.0","0.0","0.0","0.0","0.0"
"/Users/shreya/git/digdeep/digdeep-web-common/src/com/ibm/research/digdeep/web/services/InvestigationService.java","InvestigationService.java","0.0","0.0","0.0","0.891189232148501","0.0","0.0","0.0","0.0","0.0","0.0","0.0","0.0","0.0","0.0","0.0","0.0","0.0","0.0","0.0","0.0","0.0","0.0","0.0","0.0","0.0","0.0","0.0","0.0","0.0"
"/Users/shreya/git/digdeep/digdeep-web-common/src/com/ibm/research/digdeep/web/services/DynamicRecommendationService.java","DynamicRecommendationService.java","0.0","0.0","0.0","0.30970405939912443","0.0","0.0","0.0","0.24709793686646112","0.0","0.0","0.0","0.09798234438272535","0.0","0.0","0.0","0.0","0.0","0.0","0.0","0.0","0.0","0.0","0.0","0.0","0.0","0.0","0.0","0.0","0.0"
"/Users/shreya/git/digdeep/digdeep-web-common/src/com/ibm/research/rest/JSONArrayWriter.java","JSONArrayWriter.java","0.0","0.0","0.0","1.1342408409162739","0.0","0.0","0.0","0.0","0.0","0.0","0.0","0.0","0.0","0.0","0.0","0.0","0.0","0.0","0.0","0.0","0.0","0.0","0.0","0.0","0.0","0.0","0.0","0.0","0.0"
"/Users/shreya/git/digdeep/digdeep-web-common/src/com/ibm/research/rest/DynamicWebContent.java","DynamicWebContent.java","0.6931471805599453","0.0","0.0","0.0","0.0","0.0","0.0","0.0","0.0","0.0","0.0","0.0","0.0","0.0","0.0","0.0","0.0","0.0","0.0","0.0","0.0","0.0","0.0","0.0","0.0","0.0","0.0","0.0","0.0"
"/Users/shreya/git/digdeep/digdeep-web-common/src/com/ibm/research/rest/DynamicWebProvider.java","DynamicWebProvider.java","0.0","0.0","0.0","1.1882523095313346","0.0","0.0","0.0","0.0","0.0","0.0","0.0","0.0","0.0","0.0","0.0","0.0","0.0","0.0","0.0","0.0","0.0","0.0","0.0","0.0","0.0","0.0","0.0","0.0","0.0"
"/Users/shreya/git/digdeep/digdeep-web-common/src/com/ibm/research/rest/JSONArrayReader.java","JSONArrayReader.java","0.0","0.0","0.0","1.1196992916737576","0.0","0.0","0.0","0.0","0.0","0.0","0.0","0.0","0.0","0.28751304756025914","0.0","0.0","0.0","0.0","0.0","0.0","0.0","0.0","0.0","0.0","0.0","0.0","0.0","0.0","0.0"
"/Users/shreya/git/digdeep/digdeep-web-common/src/com/ibm/research/rest/RequestDispatcherWriter.java","RequestDispatcherWriter.java","0.0","0.0","0.0","0.9097556744849281","0.0","0.0","0.0","0.0","0.0","0.0","0.0","0.8634694098727672","0.0","0.0","0.0","0.0","0.0","0.0","0.0","0.0","0.0","0.0","0.0","0.0","0.0","0.0","0.0","0.0","0.0"
"/Users/shreya/git/digdeep/digdeep-web-common/src/com/ibm/research/rest/JSONObjectReader.java","JSONObjectReader.java","0.0","0.0","0.0","1.1196992916737576","0.0","0.0","0.0","0.0","0.0","0.0","0.0","0.0","0.0","0.28751304756025914","0.0","0.0","0.0","0.0","0.0","0.0","0.0","0.0","0.0","0.0","0.0","0.0","0.0","0.0","0.0"
"/Users/shreya/git/digdeep/digdeep-web-common/src/com/ibm/research/rest/JSONObjectWriter.java","JSONObjectWriter.java","0.0","0.0","0.0","1.1342408409162739","0.0","0.0","0.0","0.0","0.0","0.0","0.0","0.0","0.0","0.0","0.0","0.0","0.0","0.0","0.0","0.0","0.0","0.0","0.0","0.0","0.0","0.0","0.0","0.0","0.0"
"/Users/shreya/git/digdeep/digdeep-web-common/src/com/ibm/research/rest/OutputStreamHttpServletResponseWrapper.java","OutputStreamHttpServletResponseWrapper.java","0.0","0.0","0.0","0.0","0.0","0.0","0.0","0.0","0.0","0.0","0.0","1.151292546497023","0.0","0.0","0.0","0.0","0.0","0.0","0.0","0.0","0.0","0.0","0.0","0.0","0.0","0.0","0.0","0.0","0.0"
"/Users/shreya/git/digdeep/digdeep-web-common/src/com/ibm/sec/iam/json/JSONException.java","JSONException.java","0.6931471805599453","0.0","0.0","0.0","0.0","0.0","0.0","0.0","0.0","0.0","0.0","0.0","0.0","0.0","0.0","0.0","0.0","0.0","0.0","0.0","0.0","0.0","0.0","0.0","0.0","0.0","0.0","0.0","0.0"
"/Users/shreya/git/digdeep/digdeep-web-common/src/com/ibm/sec/iam/json/JSONArray.java","JSONArray.java","0.6931471805599453","0.0","0.0","0.0","0.0","0.0","0.0","0.0","0.0","0.0","0.0","0.0","0.0","0.0","0.0","0.0","0.0","0.0","0.0","0.0","0.0","0.0","0.0","0.0","0.0","0.0","0.0","0.0","0.0"
"/Users/shreya/git/digdeep/digdeep-web-common/src/com/ibm/sec/iam/json/JSONObject.java","JSONObject.java","0.6931471805599453","0.0","0.0","0.0","0.0","0.0","0.0","0.0","0.0","0.0","0.0","0.0","0.0","0.0","0.0","0.0","0.0","0.0","0.0","0.0","0.0","0.0","0.0","0.0","0.0","0.0","0.0","0.0","0.0"
"/Users/shreya/git/digdeep/digdeep-web-common/src/com/ibm/sec/iam/oauth20/client/Client.java","Client.java","0.6931471805599453","0.0","0.0","0.0","0.0","0.0","0.0","0.0","0.0","0.0","0.0","0.0","0.0","0.0","0.0","0.0","0.0","0.0","0.0","0.0","0.0","0.0","0.0","0.0","0.0","0.0","0.0","0.0","0.0"
"/Users/shreya/git/digdeep/digdeep-web-common/src/com/ibm/sec/iam/oauth20/client/Util.java","Util.java","0.6931471805599453","0.0","0.0","0.0","0.0","0.0","0.0","0.0","0.0","0.0","0.0","0.0","0.0","0.0","0.0","0.0","0.0","0.0","0.0","0.0","0.0","0.0","0.0","0.0","0.0","0.0","0.0","0.0","0.0"
"/Users/shreya/git/digdeep/digdeep-web-common/src/com/ibm/sec/iam/oauth20/client/IDAASClient.java","IDAASClient.java","0.0","0.0","0.0","0.0","0.0","0.0","0.0","0.0","0.0","0.0","0.0","0.6578814551411559","0.0","0.0","0.0","0.0","0.0","0.0","0.0","0.0","0.0","0.0","0.0","0.0","0.0","0.0","0.0","0.0","0.0"
"/Users/shreya/git/digdeep/digdeep-web-common/src/com/ibm/sec/iam/oauth20/client/Connection.java","Connection.java","0.0","0.0","0.0","0.0","0.0","0.0","0.0","0.0","0.0","0.0","0.0","0.0","0.0","0.0","0.41415110829800006","0.0","0.0","0.0","0.0","0.0","0.0","0.0","0.0","0.0","0.0","0.0","0.0","0.0","0.0"
"/Users/shreya/git/digdeep/digdeep-web-common/src/com/ibm/sec/iam/oauth20/client/Constants.java","Constants.java","0.6931471805599453","0.0","0.0","0.0","0.0","0.0","0.0","0.0","0.0","0.0","0.0","0.0","0.0","0.0","0.0","0.0","0.0","0.0","0.0","0.0","0.0","0.0","0.0","0.0","0.0","0.0","0.0","0.0","0.0"
"/Users/shreya/git/digdeep/digdeep-web-common/src/com/ibm/iam/demo/ssl/SecurityInfo.java","SecurityInfo.java","0.6931471805599453","0.0","0.0","0.0","0.0","0.0","0.0","0.0","0.0","0.0","0.0","0.0","0.0","0.0","0.0","0.0","0.0","0.0","0.0","0.0","0.0","0.0","0.0","0.0","0.0","0.0","0.0","0.0","0.0"
"/Users/shreya/git/digdeep/digdeep-web-common/src/com/ibm/iam/demo/ssl/MyX509TrustManager.java","MyX509TrustManager.java","0.6931471805599453","0.0","0.0","0.0","0.0","0.0","0.0","0.0","0.0","0.0","0.0","0.0","0.0","0.0","0.0","0.0","0.0","0.0","0.0","0.0","0.0","0.0","0.0","0.0","0.0","0.0","0.0","0.0","0.0"
"/Users/shreya/git/digdeep/digdeep-web-common/src/com/ibm/iam/demo/ssl/MyTrustProvider.java","MyTrustProvider.java","0.6931471805599453","0.0","0.0","0.0","0.0","0.0","0.0","0.0","0.0","0.0","0.0","0.0","0.0","0.0","0.0","0.0","0.0","0.0","0.0","0.0","0.0","0.0","0.0","0.0","0.0","0.0","0.0","0.0","0.0"
"/Users/shreya/git/digdeep/digdeep-web-common/src/com/ibm/iam/demo/oauth/sf/CloudOEServletFilter.java","CloudOEServletFilter.java","0.0","0.0","0.0","0.0","0.0","0.0","0.0","0.0","0.0","0.0","0.0","1.0835694555266098","0.0","0.0","0.0","0.0","0.0","0.0","0.0","0.0","0.0","0.0","0.0","0.0","0.0","0.0","0.0","0.0","0.0"
"/Users/shreya/git/digdeep/digdeep-web-common/src/com/ibm/iam/demo/oauth/sf/TokenInfo.java","TokenInfo.java","0.6931471805599453","0.0","0.0","0.0","0.0","0.0","0.0","0.0","0.0","0.0","0.0","0.0","0.0","0.0","0.0","0.0","0.0","0.0","0.0","0.0","0.0","0.0","0.0","0.0","0.0","0.0","0.0","0.0","0.0"
"/Users/shreya/git/digdeep/digdeep-web-common/src/com/ibm/iam/demo/oauth/sf/URLGetter.java","URLGetter.java","0.0","0.0","0.0","0.0","0.0","0.0","0.0","0.0","0.0","0.0","0.0","0.32894072757057796","0.0","0.0","0.0","0.0","0.0","0.0","0.0","0.0","0.0","0.0","0.0","0.0","0.0","0.0","0.0","0.0","0.0"
"/Users/shreya/git/digdeep/digdeep-web-common/src/com/ibm/iam/demo/oauth/sf/SFException.java","SFException.java","0.0","0.0","0.0","0.0","0.0","0.0","0.0","0.0","0.0","0.0","0.0","1.5350567286626973","0.0","0.0","0.0","0.0","0.0","0.0","0.0","0.0","0.0","0.0","0.0","0.0","0.0","0.0","0.0","0.0","0.0"
"/Users/shreya/git/digdeep/digdeep-web-common/src/com/ibm/iam/demo/oauth/sf/ConfigHelper.java","ConfigHelper.java","0.6931471805599453","0.0","0.0","0.0","0.0","0.0","0.0","0.0","0.0","0.0","0.0","0.0","0.0","0.0","0.0","0.0","0.0","0.0","0.0","0.0","0.0","0.0","0.0","0.0","0.0","0.0","0.0","0.0","0.0"
"/Users/shreya/git/digdeep/digdeep-web-common/src/com/ibm/iam/demo/util/HTMLHelper.java","HTMLHelper.java","0.6931471805599453","0.0","0.0","0.0","0.0","0.0","0.0","0.0","0.0","0.0","0.0","0.0","0.0","0.0","0.0","0.0","0.0","0.0","0.0","0.0","0.0","0.0","0.0","0.0","0.0","0.0","0.0","0.0","0.0"
"/Users/shreya/git/digdeep/digdeep-web-common/src/com/ibm/iam/demo/config/VCAPServices.java","VCAPServices.java","0.6931471805599453","0.0","0.0","0.0","0.0","0.0","0.0","0.0","0.0","0.0","0.0","0.0","0.0","0.0","0.0","0.0","0.0","0.0","0.0","0.0","0.0","0.0","0.0","0.0","0.0","0.0","0.0","0.0","0.0"
"/Users/shreya/git/digdeep/digdeep-web-common/src/com/ibm/iam/demo/config/TestClientConfig.java","TestClientConfig.java","0.6931471805599453","0.0","0.0","0.0","0.0","0.0","0.0","0.0","0.0","0.0","0.0","0.0","0.0","0.0","0.0","0.0","0.0","0.0","0.0","0.0","0.0","0.0","0.0","0.0","0.0","0.0","0.0","0.0","0.0"
"/Users/shreya/git/digdeep/digdeep-web-common/src/com/ibm/iam/demo/config/VCAPApplication.java","VCAPApplication.java","0.6931471805599453","0.0","0.0","0.0","0.0","0.0","0.0","0.0","0.0","0.0","0.0","0.0","0.0","0.0","0.0","0.0","0.0","0.0","0.0","0.0","0.0","0.0","0.0","0.0","0.0","0.0","0.0","0.0","0.0"
"/Users/shreya/git/digdeep/digdeep-web-common/src/com/ibm/iam/demo/config/SSOService.java","SSOService.java","0.6931471805599453","0.0","0.0","0.0","0.0","0.0","0.0","0.0","0.0","0.0","0.0","0.0","0.0","0.0","0.0","0.0","0.0","0.0","0.0","0.0","0.0","0.0","0.0","0.0","0.0","0.0","0.0","0.0","0.0"
"/Users/shreya/git/digdeep/digdeep-web-common/src/com/ibm/iam/demo/filter/UTF8RequestEncodingFilter.java","UTF8RequestEncodingFilter.java","0.0","0.0","0.0","0.0","0.0","0.0","0.0","0.0","0.0","0.0","0.0","1.9736443654234679","0.0","0.0","0.0","0.0","0.0","0.0","0.0","0.0","0.0","0.0","0.0","0.0","0.0","0.0","0.0","0.0","0.0"
"/Users/shreya/git/digdeep/digdeep-web-common/src/com/ibm/zrl/ia/impl/PartialSequence.java","PartialSequence.java","0.6931471805599453","0.0","0.0","0.0","0.0","0.0","0.0","0.0","0.0","0.0","0.0","0.0","0.0","0.0","0.0","0.0","0.0","0.0","0.0","0.0","0.0","0.0","0.0","0.0","0.0","0.0","0.0","0.0","0.0"
"/Users/shreya/git/digdeep/digdeep-web-common/src/com/ibm/zrl/ia/impl/SequenceImpl.java","SequenceImpl.java","0.6931471805599453","0.0","0.0","0.0","0.0","0.0","0.0","0.0","0.0","0.0","0.0","0.0","0.0","0.0","0.0","0.0","0.0","0.0","0.0","0.0","0.0","0.0","0.0","0.0","0.0","0.0","0.0","0.0","0.0"
"/Users/shreya/git/digdeep/digdeep-web-common/src/com/ibm/zrl/ia/Sequence.java","Sequence.java","0.6931471805599453","0.0","0.0","0.0","0.0","0.0","0.0","0.0","0.0","0.0","0.0","0.0","0.0","0.0","0.0","0.0","0.0","0.0","0.0","0.0","0.0","0.0","0.0","0.0","0.0","0.0","0.0","0.0","0.0"
"/Users/shreya/git/digdeep/digdeep-web-common/src/com/ibm/zrl/ia/IncidentAnalyzerTester.java","IncidentAnalyzerTester.java","0.6931471805599453","0.0","0.0","0.0","0.0","0.0","0.0","0.0","0.0","0.0","0.0","0.0","0.0","0.0","0.0","0.0","0.0","0.0","0.0","0.0","0.0","0.0","0.0","0.0","0.0","0.0","0.0","0.0","0.0"
"/Users/shreya/git/digdeep/digdeep-web-common/src/com/ibm/zrl/ia/HoleEvent.java","HoleEvent.java","0.6931471805599453","0.0","0.0","0.0","0.0","0.0","0.0","0.0","0.0","0.0","0.0","0.0","0.0","0.0","0.0","0.0","0.0","0.0","0.0","0.0","0.0","0.0","0.0","0.0","0.0","0.0","0.0","0.0","0.0"
"/Users/shreya/git/digdeep/digdeep-web-common/src/com/ibm/zrl/ia/IncidentAnalyzer.java","IncidentAnalyzer.java","0.6931471805599453","0.0","0.0","0.0","0.0","0.0","0.0","0.0","0.0","0.0","0.0","0.0","0.0","0.0","0.0","0.0","0.0","0.0","0.0","0.0","0.0","0.0","0.0","0.0","0.0","0.0","0.0","0.0","0.0"
"/Users/shreya/git/digdeep/digdeep-web-common/src/com/ibm/zrl/ia/Event.java","Event.java","0.6931471805599453","0.0","0.0","0.0","0.0","0.0","0.0","0.0","0.0","0.0","0.0","0.0","0.0","0.0","0.0","0.0","0.0","0.0","0.0","0.0","0.0","0.0","0.0","0.0","0.0","0.0","0.0","0.0","0.0"
"/Users/shreya/git/digdeep/digdeep-web-common/src/com/ibm/zrl/ia/Period.java","Period.java","0.6931471805599453","0.0","0.0","0.0","0.0","0.0","0.0","0.0","0.0","0.0","0.0","0.0","0.0","0.0","0.0","0.0","0.0","0.0","0.0","0.0","0.0","0.0","0.0","0.0","0.0","0.0","0.0","0.0","0.0"
"/Users/shreya/git/digdeep/digdeep-git-common/src/com/ibm/research/digdeep/git/url/GitLabUrlFormatter.java","GitLabUrlFormatter.java","0.6931471805599453","0.0","0.0","0.0","0.0","0.0","0.0","0.0","0.0","0.0","0.0","0.0","0.0","0.0","0.0","0.0","0.0","0.0","0.0","0.0","0.0","0.0","0.0","0.0","0.0","0.0","0.0","0.0","0.0"
"/Users/shreya/git/digdeep/digdeep-git-common/src/com/ibm/research/digdeep/git/url/GitHubUrlFormatter.java","GitHubUrlFormatter.java","0.6931471805599453","0.0","0.0","0.0","0.0","0.0","0.0","0.0","0.0","0.0","0.0","0.0","0.0","0.0","0.0","0.0","0.0","0.0","0.0","0.0","0.0","0.0","0.0","0.0","0.0","0.0","0.0","0.0","0.0"
"/Users/shreya/git/digdeep/digdeep-git-common/src/com/ibm/research/digdeep/git/url/JazzHubUrlFormatter.java","JazzHubUrlFormatter.java","0.6931471805599453","0.0","0.0","0.0","0.0","0.0","0.0","0.0","0.0","0.0","0.0","0.0","0.0","0.0","0.0","0.0","0.0","0.0","0.0","0.0","0.0","0.0","0.0","0.0","0.0","0.0","0.0","0.0","0.0"
"/Users/shreya/git/digdeep/digdeep-git-common/src/com/ibm/research/digdeep/git/url/GitUrlFormatter.java","GitUrlFormatter.java","0.6931471805599453","0.0","0.0","0.0","0.0","0.0","0.0","0.0","0.0","0.0","0.0","0.0","0.0","0.0","0.0","0.0","0.0","0.0","0.0","0.0","0.0","0.0","0.0","0.0","0.0","0.0","0.0","0.0","0.0"
"/Users/shreya/git/digdeep/digdeep-git-api-web/src/com/ibm/research/digdeep/git/GitApiResource.java","GitApiResource.java","0.0","0.15060040301745456","0.0","0.7561605606108494","0.23461824308532675","0.0","0.0","0.0","0.0","0.0","0.0","0.0","0.0","0.0","0.0","0.0","0.0","0.0","0.0","0.0","0.0","0.0","0.0","0.0","0.0","0.0","0.0","0.0","0.0"
"/Users/shreya/git/digdeep/digdeep/src/com/ibm/research/qprocessor/UpdateTaskAbortedStatusQuery.java","UpdateTaskAbortedStatusQuery.java","0.6931471805599453","0.0","0.0","0.0","0.0","0.0","0.0","0.0","0.0","0.0","0.0","0.0","0.0","0.0","0.0","0.0","0.0","0.0","0.0","0.0","0.0","0.0","0.0","0.0","0.0","0.0","0.0","0.0","0.0"
"/Users/shreya/git/digdeep/digdeep/src/com/ibm/research/qprocessor/QProcessorManager.java","QProcessorManager.java","0.0","0.0","0.0","0.2310490601866484","0.0","0.0","0.0","0.0","0.0","0.0","0.0","0.0","0.0","0.0","0.0","0.0","0.0","0.0","0.0","0.0","0.0","0.0","0.0","0.0","0.0","0.0","0.0","0.0","0.0"
"/Users/shreya/git/digdeep/digdeep/src/com/ibm/research/qprocessor/QProcessorInfo.java","QProcessorInfo.java","0.6931471805599453","0.0","0.0","0.0","0.0","0.0","0.0","0.0","0.0","0.0","0.0","0.0","0.0","0.0","0.0","0.0","0.0","0.0","0.0","0.0","0.0","0.0","0.0","0.0","0.0","0.0","0.0","0.0","0.0"
"/Users/shreya/git/digdeep/digdeep/src/com/ibm/research/qprocessor/QProcessorResource.java","QProcessorResource.java","0.0","0.0","0.0","0.959742250006078","0.0","0.0","0.0","0.0","0.0","0.0","0.0","0.0","0.0","0.0","0.0","0.21780617231292101","0.0","0.0","0.0","0.0","0.0","0.0","0.0","0.0","0.0","0.0","0.0","0.0","0.0"
"/Users/shreya/git/digdeep/digdeep/src/com/ibm/research/qprocessor/SelectQProcessorStatusQuery.java","SelectQProcessorStatusQuery.java","0.6931471805599453","0.0","0.0","0.0","0.0","0.0","0.0","0.0","0.0","0.0","0.0","0.0","0.0","0.0","0.0","0.0","0.0","0.0","0.0","0.0","0.0","0.0","0.0","0.0","0.0","0.0","0.0","0.0","0.0"
"/Users/shreya/git/digdeep/digdeep/src/com/ibm/research/qprocessor/QProcessorUtil.java","QProcessorUtil.java","0.6931471805599453","0.0","0.0","0.0","0.0","0.0","0.0","0.0","0.0","0.0","0.0","0.0","0.0","0.0","0.0","0.0","0.0","0.0","0.0","0.0","0.0","0.0","0.0","0.0","0.0","0.0","0.0","0.0","0.0"
"/Users/shreya/git/digdeep/digdeep/src/com/ibm/research/qprocessor/UpdateTaskDisownStatusQuery.java","UpdateTaskDisownStatusQuery.java","0.6931471805599453","0.0","0.0","0.0","0.0","0.0","0.0","0.0","0.0","0.0","0.0","0.0","0.0","0.0","0.0","0.0","0.0","0.0","0.0","0.0","0.0","0.0","0.0","0.0","0.0","0.0","0.0","0.0","0.0"
"/Users/shreya/git/digdeep/digdeep/src/com/ibm/research/digdeep/web/listeners/DB2DataSourceInitializer.java","DB2DataSourceInitializer.java","0.0","0.6212266624470001","0.0","0.0","0.0","0.0","0.0","0.0","0.0","0.0","0.0","0.5756462732485115","0.0","0.0","0.0","0.0","0.7078700600169933","0.0","0.0","0.0","0.0","0.0","0.0","0.0","0.0","0.0","0.0","0.0","0.0"
"/Users/shreya/git/digdeep/digdeep/src/com/ibm/research/digdeep/web/listeners/StandardDataSourceInitializer.java","StandardDataSourceInitializer.java","0.0","0.5522014777306667","0.0","0.0","0.0","0.0","0.0","0.0","0.0","0.0","0.0","0.511685576220899","0.0","0.0","0.0","0.0","0.0","0.0","0.0","0.0","0.0","0.0","0.0","0.0","0.0","0.0","0.0","0.0","0.0"
"/Users/shreya/git/digdeep/digdeep/src/com/ibm/research/digdeep/web/listeners/SystemPropertyInitializer.java","SystemPropertyInitializer.java","0.0","0.9939626599152002","0.0","0.0","0.0","0.0","0.0","0.0","0.0","0.0","0.0","1.3815510557964275","0.0","0.0","0.0","0.0","0.0","0.0","0.0","0.0","0.0","0.0","0.0","0.0","0.0","0.0","0.0","0.0","0.0"
"/Users/shreya/git/digdeep/digdeep/src/com/ibm/research/digdeep/web/listeners/DataSourceInitializer.java","DataSourceInitializer.java","0.0","0.3822933307366155","0.0","0.0","0.0","0.0","0.0","0.0","0.0","0.0","0.0","0.35424386046062245","0.0","0.0","0.0","0.0","0.0","0.3822933307366155","0.0","0.0","0.0","0.0","0.0","0.0","0.0","0.0","0.0","0.0","0.0"
"/Users/shreya/git/digdeep/digdeep/src/com/ibm/research/digdeep/web/listeners/QueueProcessorLauncher.java","QueueProcessorLauncher.java","0.0","0.6212266624470001","0.0","0.0","0.0","0.0","0.0","0.0","0.0","0.0","0.0","0.5756462732485115","0.0","0.0","0.0","0.0","0.0","0.0","0.0","0.0","0.0","0.0","0.0","0.0","0.0","0.0","0.0","0.0","0.0"
"/Users/shreya/git/digdeep/digdeep/src/com/ibm/research/digdeep/web/listeners/BlueMixDataSourceInitializer.java","BlueMixDataSourceInitializer.java","0.0","0.6212266624470001","0.0","0.0","0.0","0.0","0.0","0.0","0.0","0.0","0.0","0.5756462732485115","0.0","0.0","0.0","0.0","0.0","0.6212266624470001","0.0","0.0","0.0","0.0","0.0","0.0","0.0","0.0","0.0","0.0","0.0"
"/Users/shreya/git/digdeep/digdeep-tickets-web/src/com/ibm/research/digdeep/preventive/TicketsResource.java","TicketsResource.java","0.0","0.1307845605151579","0.0","0.5472214583367988","0.2037474216267311","0.0","0.0","0.0","0.0","0.0","0.0","0.0","0.0","0.0","0.0","0.0","0.0","0.0","0.0","0.0","0.0","0.0","0.0","0.0","0.0","0.0","0.0","0.0","0.0"
"/Users/shreya/git/digdeep/digdeep-git-api-common/src/com/ibm/research/digdeep/git/GitApiDomain.java","GitApiDomain.java","0.6931471805599453","0.0","0.0","0.0","0.0","0.0","0.0","0.0","0.0","0.0","0.0","0.0","0.0","0.0","0.0","0.0","0.0","0.0","0.0","0.0","0.0","0.0","0.0","0.0","0.0","0.0","0.0","0.0","0.0"
"/Users/shreya/git/digdeep/digdeep-exploration-processing/src/com/ibm/research/digdeep/exploration/CustomDataIndexingProcessor.java","CustomDataIndexingProcessor.java","0.0","0.2761007388653334","0.0","0.0","0.0","0.0","0.0","0.0","0.0","0.0","0.0","0.0","0.0","0.0","0.0","0.0","0.0","0.0","0.0","0.0","0.0","0.0","0.0","0.0","0.0","0.0","0.0","0.0","0.0"
"/Users/shreya/git/digdeep/digdeep-indexing/src/com/ibm/research/catapultp/deploy/driver/DeployResults.java","DeployResults.java","0.6931471805599453","0.0","0.0","0.0","0.0","0.0","0.0","0.0","0.0","0.0","0.0","0.0","0.0","0.0","0.0","0.0","0.0","0.0","0.0","0.0","0.0","0.0","0.0","0.0","0.0","0.0","0.0","0.0","0.0"
"/Users/shreya/git/digdeep/digdeep-indexing/src/com/ibm/research/catapultp/solrj/utils/ServerUtils.java","ServerUtils.java","0.0","0.0","0.0","0.0","0.0","0.0","0.0","0.0","0.0","0.0","0.0","0.0","0.0","0.37376696182833685","0.0","0.0","0.0","0.0","2.4849066497880004","0.9939626599152002","0.4969813299576001","0.0","0.0","0.0","0.0","0.0","0.0","0.0","0.0"
"/Users/shreya/git/digdeep/digdeep-indexing/src/com/ibm/research/catapultp/solrj/utils/SOLRSchema.java","SOLRSchema.java","0.6931471805599453","0.0","0.0","0.0","0.0","0.0","0.0","0.0","0.0","0.0","0.0","0.0","0.0","0.0","0.0","0.0","0.0","0.0","0.0","0.0","0.0","0.0","0.0","0.0","0.0","0.0","0.0","0.0","0.0"
"/Users/shreya/git/digdeep/digdeep-indexing/src/com/ibm/research/catapultp/solrj/utils/Constants.java","Constants.java","0.6931471805599453","0.0","0.0","0.0","0.0","0.0","0.0","0.0","0.0","0.0","0.0","0.0","0.0","0.0","0.0","0.0","0.0","0.0","0.0","0.0","0.0","0.0","0.0","0.0","0.0","0.0","0.0","0.0","0.0"
"/Users/shreya/git/digdeep/digdeep-indexing/src/com/ibm/research/catapultp/solr/CreateAndIndexTickets.java","CreateAndIndexTickets.java","0.0","0.0","0.0","0.0","0.0","0.0","0.0","0.0","0.0","0.0","0.0","0.0","0.0","0.07475339236566737","0.0","0.0","0.0","0.0","0.5963775959491201","0.6957738619406402","0.29818879797456005","0.0","0.0","0.0","0.0","0.0","0.0","0.0","0.0"
"/Users/shreya/git/digdeep/digdeep-indexing/src/com/ibm/research/catapultp/solr/Node.java","Node.java","0.6931471805599453","0.0","0.0","0.0","0.0","0.0","0.0","0.0","0.0","0.0","0.0","0.0","0.0","0.0","0.0","0.0","0.0","0.0","0.0","0.0","0.0","0.0","0.0","0.0","0.0","0.0","0.0","0.0","0.0"
"/Users/shreya/git/digdeep/digdeep-testing/src/com/ibm/research/digdeep/testing/SeleniumTestUtil.java","SeleniumTestUtil.java","0.0","0.0","0.0","0.0","0.0","0.0","1.683647914993237","0.0","0.0","0.0","0.0","0.0","0.0","0.18688348091416843","0.0","0.0","0.0","0.0","0.0","0.0","0.0","0.0","0.0","0.0","0.0","0.0","0.0","0.0","0.0"
"/Users/shreya/git/digdeep/digdeep-testing/src/com/ibm/research/digdeep/testing/TicketAnalysisValidation.java","TicketAnalysisValidation.java","0.0","0.41415110829800006","0.0","0.0","0.0","0.0","2.5254718724898555","0.0","0.0","0.0","0.0","0.0","0.0","0.0","0.0","0.0","0.0","0.0","0.0","0.0","0.0","0.0","0.0","0.0","0.0","0.0","0.0","0.0","0.0"
"/Users/shreya/git/digdeep/digdeep-testing/src/com/ibm/research/digdeep/testing/ExternalSolrIndexValidation.java","ExternalSolrIndexValidation.java","0.0","0.4969813299576001","0.0","0.0","0.0","0.0","2.3571070809905317","0.0","0.0","0.0","0.0","0.0","0.0","0.0","0.0","0.0","0.0","0.0","0.0","0.0","0.0","0.0","0.0","0.0","0.0","0.0","0.0","0.0","0.0"
"/Users/shreya/git/digdeep/digdeep-testing/src/com/ibm/research/digdeep/testing/APIExtractionValidation.java","APIExtractionValidation.java","0.0","0.4969813299576001","0.0","0.0","0.0","0.0","2.3571070809905317","0.0","0.0","0.0","0.0","0.0","0.0","0.0","0.0","0.0","0.0","0.0","0.0","0.0","0.0","0.0","0.0","0.0","0.0","0.0","0.0","0.0","0.0"
"/Users/shreya/git/digdeep/digdeep-testing/src/com/ibm/research/digdeep/testing/ChangeHistoryValidation.java","ChangeHistoryValidation.java","0.0","0.4969813299576001","0.0","0.0","0.0","0.0","2.3571070809905317","0.0","0.0","0.0","0.0","0.0","0.0","0.0","0.0","0.0","0.0","0.0","0.0","0.0","0.0","0.0","0.0","0.0","0.0","0.0","0.0","0.0","0.0"
"/Users/shreya/git/digdeep/digdeep-testing/src/com/ibm/research/digdeep/testing/SeleniumTest.java","SeleniumTest.java","0.0","0.0","0.0","0.0","0.0","0.0","3.367295829986474","0.0","0.0","0.0","0.0","0.0","0.0","0.0","0.0","0.0","0.0","0.0","0.0","0.0","0.0","0.0","0.0","0.0","0.0","0.0","0.0","0.0","0.0"
"/Users/shreya/git/digdeep/digdeep-testing/src/com/ibm/research/digdeep/testing/DataExplorationValidation.java","DataExplorationValidation.java","0.0","0.41415110829800006","0.0","0.0","0.0","0.0","2.5254718724898555","0.0","0.0","0.0","0.0","0.0","0.0","0.0","0.0","0.0","0.0","0.0","0.0","0.0","0.0","0.0","0.0","0.0","0.0","0.0","0.0","0.0","0.0"
"/Users/shreya/git/digdeep/digdeep-processing/src/com/ibm/research/util/JarDirectoryClassLoader.java","JarDirectoryClassLoader.java","0.6931471805599453","0.0","0.0","0.0","0.0","0.0","0.0","0.0","0.0","0.0","0.0","0.0","0.0","0.0","0.0","0.0","0.0","0.0","0.0","0.0","0.0","0.0","0.0","0.0","0.0","0.0","0.0","0.0","0.0"
"/Users/shreya/git/digdeep/digdeep-processing/src/com/ibm/research/digdeep/processing/QueueProcessor.java","QueueProcessor.java","0.0","0.24849066497880004","0.0","0.0","0.0","0.0","0.0","0.0","0.0","0.0","0.0","0.0","0.0","0.0","0.0","0.0","0.0","0.0","0.0","0.0","0.0","0.0","0.0","0.0","0.0","0.0","0.0","0.0","0.0"
"/Users/shreya/git/digdeep/digdeep-processing/src/com/ibm/research/digdeep/processing/DummyProcessor.java","DummyProcessor.java","0.0","1.2424533248940002","0.0","0.0","0.0","0.0","0.0","0.0","0.0","0.0","0.0","0.0","0.0","0.0","0.0","0.0","0.0","0.0","0.0","0.0","0.0","0.0","0.0","0.0","0.0","0.0","0.0","0.0","0.0"
"/Users/shreya/git/digdeep/digdeep-external-web/src/com/ibm/research/digdeep/external/ExternalIndexResource.java","ExternalIndexResource.java","0.0","0.12743111024553846","0.0","0.42655211111381247","0.0","0.0","0.43170459358800944","0.39704625752901446","0.0","0.0","0.0","0.0","0.0","0.0","0.0","0.0","0.0","0.0","0.0","0.0","0.0","0.0","0.0","0.0","0.0","0.0","0.0","0.0","0.0"
"/Users/shreya/git/digdeep/digdeep-tickets-processing/extra/utils/PreventiveSOLRUtils.java","PreventiveSOLRUtils.java","0.6931471805599453","0.0","0.0","0.0","0.0","0.0","0.0","0.0","0.0","0.0","0.0","0.0","0.0","0.0","0.0","0.0","0.0","0.0","0.0","0.0","0.0","0.0","0.0","0.0","0.0","0.0","0.0","0.0","0.0"
"/Users/shreya/git/digdeep/digdeep-tickets-processing/extra/recommendations/RecommendationsEngine.java","RecommendationsEngine.java","0.6931471805599453","0.0","0.0","0.0","0.0","0.0","0.0","0.0","0.0","0.0","0.0","0.0","0.0","0.0","0.0","0.0","0.0","0.0","0.0","0.0","0.0","0.0","0.0","0.0","0.0","0.0","0.0","0.0","0.0"
"/Users/shreya/git/digdeep/digdeep-tickets-processing/extra/recommendations/Recommendation.java","Recommendation.java","0.6931471805599453","0.0","0.0","0.0","0.0","0.0","0.0","0.0","0.0","0.0","0.0","0.0","0.0","0.0","0.0","0.0","0.0","0.0","0.0","0.0","0.0","0.0","0.0","0.0","0.0","0.0","0.0","0.0","0.0"
"/Users/shreya/git/digdeep/digdeep-tickets-processing/extra/recommendations/RecommendationsGenerator.java","RecommendationsGenerator.java","0.0","0.0","0.0","0.0","0.0","0.35498666425542863","0.0","0.0","0.0","0.0","0.0","0.0","0.0","0.0","0.0","0.0","0.0","0.0","0.0","0.0","0.0","0.0","0.0","0.0","0.0","0.0","0.0","0.0","0.0"
"/Users/shreya/git/digdeep/digdeep-tickets-processing/extra/recommendations/Dimension.java","Dimension.java","0.6931471805599453","0.0","0.0","0.0","0.0","0.0","0.0","0.0","0.0","0.0","0.0","0.0","0.0","0.0","0.0","0.0","0.0","0.0","0.0","0.0","0.0","0.0","0.0","0.0","0.0","0.0","0.0","0.0","0.0"
"/Users/shreya/git/digdeep/digdeep-tickets-processing/src/com/ibm/research/digdeep/preventive/analysis/AnalysisEngine.java","AnalysisEngine.java","0.6931471805599453","0.0","0.0","0.0","0.0","0.0","0.0","0.0","0.0","0.0","0.0","0.0","0.0","0.0","0.0","0.0","0.0","0.0","0.0","0.0","0.0","0.0","0.0","0.0","0.0","0.0","0.0","0.0","0.0"
"/Users/shreya/git/digdeep/digdeep-tickets-processing/src/com/ibm/research/digdeep/preventive/cleansing/CleansingEngine.java","CleansingEngine.java","0.6931471805599453","0.0","0.0","0.0","0.0","0.0","0.0","0.0","0.0","0.0","0.0","0.0","0.0","0.0","0.0","0.0","0.0","0.0","0.0","0.0","0.0","0.0","0.0","0.0","0.0","0.0","0.0","0.0","0.0"
"/Users/shreya/git/digdeep/digdeep-tickets-processing/src/com/ibm/research/digdeep/preventive/cleansing/SentimentTagger.java","SentimentTagger.java","0.0","0.0","0.0","0.0","0.0","0.0","0.0","0.0","0.0","0.0","0.0","0.0","0.0","0.0","0.0","0.0","0.0","0.0","0.0","0.0","0.0","0.6109523027165793","0.0","0.0","0.0","0.0","0.0","0.0","0.0"
"/Users/shreya/git/digdeep/digdeep-tickets-processing/src/com/ibm/research/digdeep/preventive/driver/MergeFilesToResult.java","MergeFilesToResult.java","0.6931471805599453","0.0","0.0","0.0","0.0","0.0","0.0","0.0","0.0","0.0","0.0","0.0","0.0","0.0","0.0","0.0","0.0","0.0","0.0","0.0","0.0","0.0","0.0","0.0","0.0","0.0","0.0","0.0","0.0"
"/Users/shreya/git/digdeep/digdeep-tickets-processing/src/com/ibm/research/digdeep/preventive/driver/PipelineDriver.java","PipelineDriver.java","0.6931471805599453","0.0","0.0","0.0","0.0","0.0","0.0","0.0","0.0","0.0","0.0","0.0","0.0","0.0","0.0","0.0","0.0","0.0","0.0","0.0","0.0","0.0","0.0","0.0","0.0","0.0","0.0","0.0","0.0"
"/Users/shreya/git/digdeep/digdeep-tickets-processing/src/com/ibm/research/digdeep/preventive/driver/MergeForIncrementalRun.java","MergeForIncrementalRun.java","0.6931471805599453","0.0","0.0","0.0","0.0","0.0","0.0","0.0","0.0","0.0","0.0","0.0","0.0","0.0","0.0","0.0","0.0","0.0","0.0","0.0","0.0","0.0","0.0","0.0","0.0","0.0","0.0","0.0","0.0"
"/Users/shreya/git/digdeep/digdeep-tickets-processing/src/com/ibm/research/digdeep/preventive/driver/TicketAnalysisDriver.java","TicketAnalysisDriver.java","0.0","0.0","0.0","0.0","0.0","0.0","0.0","0.0","0.0","0.0","0.0","0.0","0.0","0.41529662425370756","0.0","0.0","0.0","0.0","0.0","0.0","0.0","0.0","0.0","0.0","0.0","0.0","0.0","0.0","0.0"
"/Users/shreya/git/digdeep/digdeep-tickets-processing/src/com/ibm/research/digdeep/preventive/utils/AddWeekdayShift.java","AddWeekdayShift.java","0.6931471805599453","0.0","0.0","0.0","0.0","0.0","0.0","0.0","0.0","0.0","0.0","0.0","0.0","0.0","0.0","0.0","0.0","0.0","0.0","0.0","0.0","0.0","0.0","0.0","0.0","0.0","0.0","0.0","0.0"
"/Users/shreya/git/digdeep/digdeep-tickets-processing/src/com/ibm/research/digdeep/preventive/utils/StripNewLine.java","StripNewLine.java","0.6931471805599453","0.0","0.0","0.0","0.0","0.0","0.0","0.0","0.0","0.0","0.0","0.0","0.0","0.0","0.0","0.0","0.0","0.0","0.0","0.0","0.0","0.0","0.0","0.0","0.0","0.0","0.0","0.0","0.0"
"/Users/shreya/git/digdeep/digdeep-tickets-processing/src/com/ibm/research/digdeep/preventive/utils/Html2Text.java","Html2Text.java","0.6931471805599453","0.0","0.0","0.0","0.0","0.0","0.0","0.0","0.0","0.0","0.0","0.0","0.0","0.0","0.0","0.0","0.0","0.0","0.0","0.0","0.0","0.0","0.0","0.0","0.0","0.0","0.0","0.0","0.0"
"/Users/shreya/git/digdeep/digdeep-tickets-processing/src/com/ibm/research/digdeep/preventive/utils/StripNewLineOnly.java","StripNewLineOnly.java","0.6931471805599453","0.0","0.0","0.0","0.0","0.0","0.0","0.0","0.0","0.0","0.0","0.0","0.0","0.0","0.0","0.0","0.0","0.0","0.0","0.0","0.0","0.0","0.0","0.0","0.0","0.0","0.0","0.0","0.0"
"/Users/shreya/git/digdeep/digdeep-tickets-processing/src/com/ibm/research/digdeep/preventive/utils/Unstem.java","Unstem.java","0.6931471805599453","0.0","0.0","0.0","0.0","0.0","0.0","0.0","0.0","0.0","0.0","0.0","0.0","0.0","0.0","0.0","0.0","0.0","0.0","0.0","0.0","0.0","0.0","0.0","0.0","0.0","0.0","0.0","0.0"
"/Users/shreya/git/digdeep/digdeep-tickets-processing/src/com/ibm/research/digdeep/preventive/utils/CatapultStemmer.java","CatapultStemmer.java","0.0","0.0","0.0","0.0","0.0","0.0","0.0","0.0","0.0","0.0","0.0","0.0","0.0","0.0","0.0","0.0","0.0","0.0","0.0","0.0","0.0","2.7010522856943506","0.0","0.0","0.0","0.0","0.0","0.0","0.0"
"/Users/shreya/git/digdeep/digdeep-tickets-processing/src/com/ibm/research/digdeep/preventive/utils/PreventiveDataUtils.java","PreventiveDataUtils.java","0.0","0.0","0.0","0.0","0.0","0.0","0.6547519669418145","0.0","0.0","0.0","0.0","0.0","0.0","0.0","0.0","0.0","0.0","0.0","0.0","0.0","0.0","0.0","0.0","0.0","0.0","0.0","0.0","0.0","0.0"
"/Users/shreya/git/digdeep/digdeep-tickets-processing/src/com/ibm/research/digdeep/preventive/utils/Constants.java","Constants.java","0.6931471805599453","0.0","0.0","0.0","0.0","0.0","0.0","0.0","0.0","0.0","0.0","0.0","0.0","0.0","0.0","0.0","0.0","0.0","0.0","0.0","0.0","0.0","0.0","0.0","0.0","0.0","0.0","0.0","0.0"
"/Users/shreya/git/digdeep/digdeep-tickets-processing/src/com/ibm/research/digdeep/preventive/annotator/EmbeddedContent.java","EmbeddedContent.java","0.6931471805599453","0.0","0.0","0.0","0.0","0.0","0.0","0.0","0.0","0.0","0.0","0.0","0.0","0.0","0.0","0.0","0.0","0.0","0.0","0.0","0.0","0.0","0.0","0.0","0.0","0.0","0.0","0.0","0.0"
"/Users/shreya/git/digdeep/digdeep-tickets-processing/src/com/ibm/research/digdeep/preventive/annotator/RegexBasedAnnotator.java","RegexBasedAnnotator.java","0.0","0.0","0.0","0.0","0.0","0.0","0.0","0.0","0.0","0.0","0.0","0.0","0.0","0.0","0.0","0.0","0.0","0.0","0.0","0.0","0.0","0.8553332238032111","0.0","0.0","0.0","0.0","0.0","0.0","0.0"
"/Users/shreya/git/digdeep/digdeep-tickets-processing/src/com/ibm/research/digdeep/preventive/annotator/ConceptsTagger.java","ConceptsTagger.java","0.6931471805599453","0.0","0.0","0.0","0.0","0.0","0.0","0.0","0.0","0.0","0.0","0.0","0.0","0.0","0.0","0.0","0.0","0.0","0.0","0.0","0.0","0.0","0.0","0.0","0.0","0.0","0.0","0.0","0.0"
"/Users/shreya/git/digdeep/digdeep-tickets-processing/src/com/ibm/research/digdeep/preventive/annotator/AnnotationEngine.java","AnnotationEngine.java","0.6931471805599453","0.0","0.0","0.0","0.0","0.0","0.0","0.0","0.0","0.0","0.0","0.0","0.0","0.0","0.0","0.0","0.0","0.0","0.0","0.0","0.0","0.0","0.0","0.0","0.0","0.0","0.0","0.0","0.0"
"/Users/shreya/git/digdeep/digdeep-tickets-processing/src/com/ibm/research/digdeep/preventive/TicketAnalysisProcessor.java","TicketAnalysisProcessor.java","0.0","0.22590060452618185","0.0","0.0","0.0","0.0","0.0","0.0","0.0","0.0","0.0","0.0","0.0","0.0","0.0","0.0","0.0","0.0","0.0","0.0","0.0","0.0","0.0","0.0","0.0","0.0","0.0","0.0","0.0"
"/Users/shreya/git/digdeep/digdeep-tickets-processing/src/com/ibm/research/digdeep/preventive/clusterer/NgramClusteringEngineImpl.java","NgramClusteringEngineImpl.java","0.6931471805599453","0.0","0.0","0.0","0.0","0.0","0.0","0.0","0.0","0.0","0.0","0.0","0.0","0.0","0.0","0.0","0.0","0.0","0.0","0.0","0.0","0.0","0.0","0.0","0.0","0.0","0.0","0.0","0.0"
"/Users/shreya/git/digdeep/digdeep-tickets-processing/src/com/ibm/research/digdeep/preventive/clusterer/LLNode.java","LLNode.java","0.6931471805599453","0.0","0.0","0.0","0.0","0.0","0.0","0.0","0.0","0.0","0.0","0.0","0.0","0.0","0.0","0.0","0.0","0.0","0.0","0.0","0.0","0.0","0.0","0.0","0.0","0.0","0.0","0.0","0.0"
"/Users/shreya/git/digdeep/digdeep-tickets-processing/src/com/ibm/research/digdeep/preventive/clusterer/ClusteringEngineInterface.java","ClusteringEngineInterface.java","0.6931471805599453","0.0","0.0","0.0","0.0","0.0","0.0","0.0","0.0","0.0","0.0","0.0","0.0","0.0","0.0","0.0","0.0","0.0","0.0","0.0","0.0","0.0","0.0","0.0","0.0","0.0","0.0","0.0","0.0"
"/Users/shreya/git/digdeep/digdeep-tickets-processing/src/com/ibm/research/digdeep/preventive/clusterer/MainClusteringEngine.java","MainClusteringEngine.java","0.6931471805599453","0.0","0.0","0.0","0.0","0.0","0.0","0.0","0.0","0.0","0.0","0.0","0.0","0.0","0.0","0.0","0.0","0.0","0.0","0.0","0.0","0.0","0.0","0.0","0.0","0.0","0.0","0.0","0.0"
"/Users/shreya/git/digdeep/digdeep-tickets-processing/src/com/ibm/research/digdeep/preventive/clusterer/CarrotClusteringEngineImpl.java","CarrotClusteringEngineImpl.java","0.0","0.0","0.0","0.0","0.0","0.0","0.0","0.0","0.0","0.0","0.0","0.0","0.0","0.0","0.0","0.0","0.0","0.0","0.0","0.0","0.0","0.0","2.2921506705312162","0.40449717715256756","0.0","0.0","0.0","0.0","0.0"
"/Users/shreya/git/digdeep/digdeep-tickets-processing/src/com/ibm/research/digdeep/preventive/clusterer/ClustersMerging.java","ClustersMerging.java","0.0","0.0","0.0","0.0","0.0","0.0","0.0","0.0","0.0","0.0","0.0","0.0","0.0","0.0","0.0","0.0","0.0","0.0","0.0","0.0","0.0","0.0","0.0","0.0","0.37753069867572975","0.0","0.0","0.0","0.0"
"/Users/shreya/git/digdeep/digdeep-tickets-processing/src/com/ibm/research/digdeep/preventive/clusterer/ClustersHierarchy.java","ClustersHierarchy.java","0.6931471805599453","0.0","0.0","0.0","0.0","0.0","0.0","0.0","0.0","0.0","0.0","0.0","0.0","0.0","0.0","0.0","0.0","0.0","0.0","0.0","0.0","0.0","0.0","0.0","0.0","0.0","0.0","0.0","0.0"
"/Users/shreya/git/digdeep/digdeep-tickets-processing/src/com/ibm/research/digdeep/preventive/clusterer/NGramCalculator.java","NGramCalculator.java","0.0","0.0","0.0","0.0","0.0","0.0","0.0","0.0","0.0","0.0","0.0","0.0","0.0","0.0","0.0","0.0","0.0","0.0","0.0","0.0","0.0","1.0691665297540138","0.0","0.0","0.0","0.35393503000849663","0.0","0.0","0.0"
"/Users/shreya/git/digdeep/digdeep-tickets-processing/src/com/ibm/research/digdeep/preventive/clusterer/ClusteringResultIDLabelPairs.java","ClusteringResultIDLabelPairs.java","0.6931471805599453","0.0","0.0","0.0","0.0","0.0","0.0","0.0","0.0","0.0","0.0","0.0","0.0","0.0","0.0","0.0","0.0","0.0","0.0","0.0","0.0","0.0","0.0","0.0","0.0","0.0","0.0","0.0","0.0"
"/Users/shreya/git/digdeep/digdeep-tickets-processing/src/com/ibm/research/digdeep/preventive/preprocessor/PreprocessingEngine.java","PreprocessingEngine.java","0.6931471805599453","0.0","0.0","0.0","0.0","0.0","0.0","0.0","0.0","0.0","0.0","0.0","0.0","0.0","0.0","0.0","0.0","0.0","0.0","0.0","0.0","0.0","0.0","0.0","0.0","0.0","0.0","0.0","0.0"
"/Users/shreya/git/digdeep/digdeep-git-api-processing/src/com/ibm/research/digdeep/git/GitApiExtractor.java","GitApiExtractor.java","0.6931471805599453","0.0","0.0","0.0","0.0","0.0","0.0","0.0","0.0","0.0","0.0","0.0","0.0","0.0","0.0","0.0","0.0","0.0","0.0","0.0","0.0","0.0","0.0","0.0","0.0","0.0","0.0","0.0","0.0"
"/Users/shreya/git/digdeep/digdeep-git-api-processing/src/com/ibm/research/digdeep/git/JavaApiImplementationExtractor.java","JavaApiImplementationExtractor.java","0.0","0.0","0.0","0.0","0.0","0.0","0.0","0.0","0.0","0.0","0.0","0.0","0.0","0.0","0.0","0.0","0.0","0.0","0.0","0.0","0.0","0.0","0.0","0.0","0.0","0.0","2.710807254314182","0.0","0.0"
"/Users/shreya/git/digdeep/digdeep-git-api-processing/src/com/ibm/research/digdeep/git/GitApiProcessor.java","GitApiProcessor.java","0.0","0.16566044331920002","0.0","0.0","0.0","0.0","0.0","0.0","0.0","0.0","0.0","0.0","0.0","0.0","0.0","0.0","0.0","0.0","0.0","0.0","0.0","0.0","0.0","0.0","0.0","0.0","0.0","0.0","0.0"
"/Users/shreya/git/digdeep/digdeep-git-api-processing/src/com/ibm/research/digdeep/git/JavaApiUsageExtractor.java","JavaApiUsageExtractor.java","0.0","0.0","0.0","0.0","0.0","0.0","0.0","0.0","0.0","0.0","0.0","0.0","0.0","0.0","0.0","0.0","0.0","0.0","0.0","0.0","0.0","0.0","0.0","0.0","0.0","0.0","3.1061333122350003","0.0","0.0"
"/Users/shreya/git/digdeep/dbs-custom/src/com/ibm/research/digdeep/dbs/custom/RegexDictionaryMatcher.java","RegexDictionaryMatcher.java","0.6931471805599453","0.0","0.0","0.0","0.0","0.0","0.0","0.0","0.0","0.0","0.0","0.0","0.0","0.0","0.0","0.0","0.0","0.0","0.0","0.0","0.0","0.0","0.0","0.0","0.0","0.0","0.0","0.0","0.0"
"/Users/shreya/git/digdeep/dbs-custom/src/com/ibm/research/digdeep/dbs/custom/SL4Tickets.java","SL4Tickets.java","0.6931471805599453","0.0","0.0","0.0","0.0","0.0","0.0","0.0","0.0","0.0","0.0","0.0","0.0","0.0","0.0","0.0","0.0","0.0","0.0","0.0","0.0","0.0","0.0","0.0","0.0","0.0","0.0","0.0","0.0"
"/Users/shreya/git/digdeep/dbs-custom/src/com/ibm/research/digdeep/dbs/custom/ExtactColumn.java","ExtactColumn.java","0.6931471805599453","0.0","0.0","0.0","0.0","0.0","0.0","0.0","0.0","0.0","0.0","0.0","0.0","0.0","0.0","0.0","0.0","0.0","0.0","0.0","0.0","0.0","0.0","0.0","0.0","0.0","0.0","0.0","0.0"
"/Users/shreya/git/digdeep/dbs-custom/src/com/ibm/research/digdeep/dbs/custom/CsvReader.java","CsvReader.java","0.6931471805599453","0.0","0.0","0.0","0.0","0.0","0.0","0.0","0.0","0.0","0.0","0.0","0.0","0.0","0.0","0.0","0.0","0.0","0.0","0.0","0.0","0.0","0.0","0.0","0.0","0.0","0.0","0.0","0.0"
"/Users/shreya/git/digdeep/dbs-custom/src/com/ibm/research/digdeep/dbs/custom/AddWeekdayShift.java","AddWeekdayShift.java","0.6931471805599453","0.0","0.0","0.0","0.0","0.0","0.0","0.0","0.0","0.0","0.0","0.0","0.0","0.0","0.0","0.0","0.0","0.0","0.0","0.0","0.0","0.0","0.0","0.0","0.0","0.0","0.0","0.0","0.0"
"/Users/shreya/git/digdeep/dbs-custom/src/com/ibm/research/digdeep/dbs/custom/MapCoreApps.java","MapCoreApps.java","0.6931471805599453","0.0","0.0","0.0","0.0","0.0","0.0","0.0","0.0","0.0","0.0","0.0","0.0","0.0","0.0","0.0","0.0","0.0","0.0","0.0","0.0","0.0","0.0","0.0","0.0","0.0","0.0","0.0","0.0"
"/Users/shreya/git/digdeep/dbs-custom/src/com/ibm/research/digdeep/dbs/custom/ReplaceSemiColon.java","ReplaceSemiColon.java","0.6931471805599453","0.0","0.0","0.0","0.0","0.0","0.0","0.0","0.0","0.0","0.0","0.0","0.0","0.0","0.0","0.0","0.0","0.0","0.0","0.0","0.0","0.0","0.0","0.0","0.0","0.0","0.0","0.0","0.0"
"/Users/shreya/git/digdeep/digdeep-common/src/com/ibm/research/proc/NonZeroReturnValueException.java","NonZeroReturnValueException.java","0.6931471805599453","0.0","0.0","0.0","0.0","0.0","0.0","0.0","0.0","0.0","0.0","0.0","0.0","0.0","0.0","0.0","0.0","0.0","0.0","0.0","0.0","0.0","0.0","0.0","0.0","0.0","0.0","0.0","0.0"
"/Users/shreya/git/digdeep/digdeep-common/src/com/ibm/research/proc/IOUtils.java","IOUtils.java","0.6931471805599453","0.0","0.0","0.0","0.0","0.0","0.0","0.0","0.0","0.0","0.0","0.0","0.0","0.0","0.0","0.0","0.0","0.0","0.0","0.0","0.0","0.0","0.0","0.0","0.0","0.0","0.0","0.0","0.0"
"/Users/shreya/git/digdeep/digdeep-common/src/com/ibm/research/proc/ProcessCommunicationException.java","ProcessCommunicationException.java","0.6931471805599453","0.0","0.0","0.0","0.0","0.0","0.0","0.0","0.0","0.0","0.0","0.0","0.0","0.0","0.0","0.0","0.0","0.0","0.0","0.0","0.0","0.0","0.0","0.0","0.0","0.0","0.0","0.0","0.0"
"/Users/shreya/git/digdeep/digdeep-common/src/com/ibm/research/proc/ProcessManager.java","ProcessManager.java","0.6931471805599453","0.0","0.0","0.0","0.0","0.0","0.0","0.0","0.0","0.0","0.0","0.0","0.0","0.0","0.0","0.0","0.0","0.0","0.0","0.0","0.0","0.0","0.0","0.0","0.0","0.0","0.0","0.0","0.0"
"/Users/shreya/git/digdeep/digdeep-common/src/com/ibm/research/proc/LineProcessor.java","LineProcessor.java","0.6931471805599453","0.0","0.0","0.0","0.0","0.0","0.0","0.0","0.0","0.0","0.0","0.0","0.0","0.0","0.0","0.0","0.0","0.0","0.0","0.0","0.0","0.0","0.0","0.0","0.0","0.0","0.0","0.0","0.0"
"/Users/shreya/git/digdeep/digdeep-common/src/com/ibm/research/util/LicenseManager.java","LicenseManager.java","0.6931471805599453","0.0","0.0","0.0","0.0","0.0","0.0","0.0","0.0","0.0","0.0","0.0","0.0","0.0","0.0","0.0","0.0","0.0","0.0","0.0","0.0","0.0","0.0","0.0","0.0","0.0","0.0","0.0","0.0"
"/Users/shreya/git/digdeep/digdeep-common/src/com/ibm/research/util/LinkedProperties.java","LinkedProperties.java","0.6931471805599453","0.0","0.0","0.0","0.0","0.0","0.0","0.0","0.0","0.0","0.0","0.0","0.0","0.0","0.0","0.0","0.0","0.0","0.0","0.0","0.0","0.0","0.0","0.0","0.0","0.0","0.0","0.0","0.0"
"/Users/shreya/git/digdeep/digdeep-common/src/com/ibm/research/util/Email.java","Email.java","0.0","0.0","0.0","0.0","0.0","0.0","0.0","0.0","0.0","0.0","0.0","0.0","0.0","0.0","0.0","0.0","0.0","0.0","0.0","0.0","0.0","0.0","0.0","0.0","0.0","0.0","0.0","3.7753069867572973","0.0"
"/Users/shreya/git/digdeep/digdeep-common/src/com/ibm/research/util/License.java","License.java","0.6931471805599453","0.0","0.0","0.0","0.0","0.0","0.0","0.0","0.0","0.0","0.0","0.0","0.0","0.0","0.0","0.0","0.0","0.0","0.0","0.0","0.0","0.0","0.0","0.0","0.0","0.0","0.0","0.0","0.0"
"/Users/shreya/git/digdeep/digdeep-common/src/com/ibm/research/util/DefaultValuedHashMap.java","DefaultValuedHashMap.java","0.6931471805599453","0.0","0.0","0.0","0.0","0.0","0.0","0.0","0.0","0.0","0.0","0.0","0.0","0.0","0.0","0.0","0.0","0.0","0.0","0.0","0.0","0.0","0.0","0.0","0.0","0.0","0.0","0.0","0.0"
"/Users/shreya/git/digdeep/digdeep-common/src/com/ibm/research/util/CsvReader.java","CsvReader.java","0.6931471805599453","0.0","0.0","0.0","0.0","0.0","0.0","0.0","0.0","0.0","0.0","0.0","0.0","0.0","0.0","0.0","0.0","0.0","0.0","0.0","0.0","0.0","0.0","0.0","0.0","0.0","0.0","0.0","0.0"
"/Users/shreya/git/digdeep/digdeep-common/src/com/ibm/research/util/LicenseException.java","LicenseException.java","0.6931471805599453","0.0","0.0","0.0","0.0","0.0","0.0","0.0","0.0","0.0","0.0","0.0","0.0","0.0","0.0","0.0","0.0","0.0","0.0","0.0","0.0","0.0","0.0","0.0","0.0","0.0","0.0","0.0","0.0"
"/Users/shreya/git/digdeep/digdeep-common/src/com/ibm/research/util/CsvWriter.java","CsvWriter.java","0.6931471805599453","0.0","0.0","0.0","0.0","0.0","0.0","0.0","0.0","0.0","0.0","0.0","0.0","0.0","0.0","0.0","0.0","0.0","0.0","0.0","0.0","0.0","0.0","0.0","0.0","0.0","0.0","0.0","0.0"
"/Users/shreya/git/digdeep/digdeep-common/src/com/ibm/research/util/DateUtil.java","DateUtil.java","0.6931471805599453","0.0","0.0","0.0","0.0","0.0","0.0","0.0","0.0","0.0","0.0","0.0","0.0","0.0","0.0","0.0","0.0","0.0","0.0","0.0","0.0","0.0","0.0","0.0","0.0","0.0","0.0","0.0","0.0"
"/Users/shreya/git/digdeep/digdeep-common/src/com/ibm/research/util/JdbcDataSource.java","JdbcDataSource.java","0.6931471805599453","0.0","0.0","0.0","0.0","0.0","0.0","0.0","0.0","0.0","0.0","0.0","0.0","0.0","0.0","0.0","0.0","0.0","0.0","0.0","0.0","0.0","0.0","0.0","0.0","0.0","0.0","0.0","0.0"
"/Users/shreya/git/digdeep/digdeep-common/src/com/ibm/research/util/CBSAuth.java","CBSAuth.java","0.0","0.0","0.0","0.0","0.0","0.0","0.0","0.0","0.0","0.0","0.0","0.0","0.0","0.0","0.3822933307366155","0.0","0.0","0.0","0.0","0.0","0.0","0.0","0.0","0.0","0.0","0.0","0.0","0.0","0.0"
"/Users/shreya/git/digdeep/digdeep-common/src/com/ibm/research/io/ConsoleReader.java","ConsoleReader.java","0.6931471805599453","0.0","0.0","0.0","0.0","0.0","0.0","0.0","0.0","0.0","0.0","0.0","0.0","0.0","0.0","0.0","0.0","0.0","0.0","0.0","0.0","0.0","0.0","0.0","0.0","0.0","0.0","0.0","0.0"
"/Users/shreya/git/digdeep/digdeep-common/src/com/ibm/research/io/InputReader.java","InputReader.java","0.6931471805599453","0.0","0.0","0.0","0.0","0.0","0.0","0.0","0.0","0.0","0.0","0.0","0.0","0.0","0.0","0.0","0.0","0.0","0.0","0.0","0.0","0.0","0.0","0.0","0.0","0.0","0.0","0.0","0.0"
"/Users/shreya/git/digdeep/digdeep-common/src/com/ibm/research/io/StandardInputReader.java","StandardInputReader.java","0.6931471805599453","0.0","0.0","0.0","0.0","0.0","0.0","0.0","0.0","0.0","0.0","0.0","0.0","0.0","0.0","0.0","0.0","0.0","0.0","0.0","0.0","0.0","0.0","0.0","0.0","0.0","0.0","0.0","0.0"
"/Users/shreya/git/digdeep/digdeep-common/src/com/ibm/research/digdeep/DatabaseManager.java","DatabaseManager.java","0.6931471805599453","0.0","0.0","0.0","0.0","0.0","0.0","0.0","0.0","0.0","0.0","0.0","0.0","0.0","0.0","0.0","0.0","0.0","0.0","0.0","0.0","0.0","0.0","0.0","0.0","0.0","0.0","0.0","0.0"
"/Users/shreya/git/digdeep/digdeep-common/src/com/ibm/research/digdeep/ValidationException.java","ValidationException.java","0.6931471805599453","0.0","0.0","0.0","0.0","0.0","0.0","0.0","0.0","0.0","0.0","0.0","0.0","0.0","0.0","0.0","0.0","0.0","0.0","0.0","0.0","0.0","0.0","0.0","0.0","0.0","0.0","0.0","0.0"
"/Users/shreya/git/digdeep/digdeep-common/src/com/ibm/research/digdeep/QueueStatus.java","QueueStatus.java","0.6931471805599453","0.0","0.0","0.0","0.0","0.0","0.0","0.0","0.0","0.0","0.0","0.0","0.0","0.0","0.0","0.0","0.0","0.0","0.0","0.0","0.0","0.0","0.0","0.0","0.0","0.0","0.0","0.0","0.0"
"/Users/shreya/git/digdeep/digdeep-common/src/com/ibm/research/digdeep/InvestigationStatus.java","InvestigationStatus.java","0.6931471805599453","0.0","0.0","0.0","0.0","0.0","0.0","0.0","0.0","0.0","0.0","0.0","0.0","0.0","0.0","0.0","0.0","0.0","0.0","0.0","0.0","0.0","0.0","0.0","0.0","0.0","0.0","0.0","0.0"
"/Users/shreya/git/digdeep/digdeep-common/src/com/ibm/research/digdeep/FieldInfo.java","FieldInfo.java","0.6931471805599453","0.0","0.0","0.0","0.0","0.0","0.0","0.0","0.0","0.0","0.0","0.0","0.0","0.0","0.0","0.0","0.0","0.0","0.0","0.0","0.0","0.0","0.0","0.0","0.0","0.0","0.0","0.0","0.0"
"/Users/shreya/git/digdeep/digdeep-common/src/com/ibm/research/digdeep/FileUtils.java","FileUtils.java","0.6931471805599453","0.0","0.0","0.0","0.0","0.0","0.0","0.0","0.0","0.0","0.0","0.0","0.0","0.0","0.0","0.0","0.0","0.0","0.0","0.0","0.0","0.0","0.0","0.0","0.0","0.0","0.0","0.0","0.0"
"/Users/shreya/git/digdeep/digdeep-common/src/com/ibm/research/digdeep/queries/SelectCompletedTasksByAccountQuery.java","SelectCompletedTasksByAccountQuery.java","0.6931471805599453","0.0","0.0","0.0","0.0","0.0","0.0","0.0","0.0","0.0","0.0","0.0","0.0","0.0","0.0","0.0","0.0","0.0","0.0","0.0","0.0","0.0","0.0","0.0","0.0","0.0","0.0","0.0","0.0"
"/Users/shreya/git/digdeep/digdeep-common/src/com/ibm/research/digdeep/queries/DeleteMetaDataFromAccountPropertiesQuery.java","DeleteMetaDataFromAccountPropertiesQuery.java","0.6931471805599453","0.0","0.0","0.0","0.0","0.0","0.0","0.0","0.0","0.0","0.0","0.0","0.0","0.0","0.0","0.0","0.0","0.0","0.0","0.0","0.0","0.0","0.0","0.0","0.0","0.0","0.0","0.0","0.0"
"/Users/shreya/git/digdeep/digdeep-common/src/com/ibm/research/digdeep/queries/UpdateAccountPropertiesLrMapQuery.java","UpdateAccountPropertiesLrMapQuery.java","0.6931471805599453","0.0","0.0","0.0","0.0","0.0","0.0","0.0","0.0","0.0","0.0","0.0","0.0","0.0","0.0","0.0","0.0","0.0","0.0","0.0","0.0","0.0","0.0","0.0","0.0","0.0","0.0","0.0","0.0"
"/Users/shreya/git/digdeep/digdeep-common/src/com/ibm/research/digdeep/queries/SelectPendingTasksByAccountQuery.java","SelectPendingTasksByAccountQuery.java","0.6931471805599453","0.0","0.0","0.0","0.0","0.0","0.0","0.0","0.0","0.0","0.0","0.0","0.0","0.0","0.0","0.0","0.0","0.0","0.0","0.0","0.0","0.0","0.0","0.0","0.0","0.0","0.0","0.0","0.0"
"/Users/shreya/git/digdeep/digdeep-common/src/com/ibm/research/digdeep/queries/SelectAccountsWhereUserIsAdminQuery.java","SelectAccountsWhereUserIsAdminQuery.java","0.6931471805599453","0.0","0.0","0.0","0.0","0.0","0.0","0.0","0.0","0.0","0.0","0.0","0.0","0.0","0.0","0.0","0.0","0.0","0.0","0.0","0.0","0.0","0.0","0.0","0.0","0.0","0.0","0.0","0.0"
"/Users/shreya/git/digdeep/digdeep-common/src/com/ibm/research/digdeep/queries/UpdateOldestQueuedTaskWithInstanceIdQuery.java","UpdateOldestQueuedTaskWithInstanceIdQuery.java","0.6931471805599453","0.0","0.0","0.0","0.0","0.0","0.0","0.0","0.0","0.0","0.0","0.0","0.0","0.0","0.0","0.0","0.0","0.0","0.0","0.0","0.0","0.0","0.0","0.0","0.0","0.0","0.0","0.0","0.0"
"/Users/shreya/git/digdeep/digdeep-common/src/com/ibm/research/digdeep/queries/InsertIntoPropertiesQuery.java","InsertIntoPropertiesQuery.java","0.6931471805599453","0.0","0.0","0.0","0.0","0.0","0.0","0.0","0.0","0.0","0.0","0.0","0.0","0.0","0.0","0.0","0.0","0.0","0.0","0.0","0.0","0.0","0.0","0.0","0.0","0.0","0.0","0.0","0.0"
"/Users/shreya/git/digdeep/digdeep-common/src/com/ibm/research/digdeep/queries/SelectInvestigationsByAccountName.java","SelectInvestigationsByAccountName.java","0.6931471805599453","0.0","0.0","0.0","0.0","0.0","0.0","0.0","0.0","0.0","0.0","0.0","0.0","0.0","0.0","0.0","0.0","0.0","0.0","0.0","0.0","0.0","0.0","0.0","0.0","0.0","0.0","0.0","0.0"
"/Users/shreya/git/digdeep/digdeep-common/src/com/ibm/research/digdeep/queries/InsertIntoLicensesQuery.java","InsertIntoLicensesQuery.java","0.6931471805599453","0.0","0.0","0.0","0.0","0.0","0.0","0.0","0.0","0.0","0.0","0.0","0.0","0.0","0.0","0.0","0.0","0.0","0.0","0.0","0.0","0.0","0.0","0.0","0.0","0.0","0.0","0.0","0.0"
"/Users/shreya/git/digdeep/digdeep-common/src/com/ibm/research/digdeep/queries/SelectTaskByIdQuery.java","SelectTaskByIdQuery.java","0.6931471805599453","0.0","0.0","0.0","0.0","0.0","0.0","0.0","0.0","0.0","0.0","0.0","0.0","0.0","0.0","0.0","0.0","0.0","0.0","0.0","0.0","0.0","0.0","0.0","0.0","0.0","0.0","0.0","0.0"
"/Users/shreya/git/digdeep/digdeep-common/src/com/ibm/research/digdeep/queries/InsertIntoVisitedUsersQuery.java","InsertIntoVisitedUsersQuery.java","0.6931471805599453","0.0","0.0","0.0","0.0","0.0","0.0","0.0","0.0","0.0","0.0","0.0","0.0","0.0","0.0","0.0","0.0","0.0","0.0","0.0","0.0","0.0","0.0","0.0","0.0","0.0","0.0","0.0","0.0"
"/Users/shreya/git/digdeep/digdeep-common/src/com/ibm/research/digdeep/queries/InsertIntoTaskQueueQuery.java","InsertIntoTaskQueueQuery.java","0.6931471805599453","0.0","0.0","0.0","0.0","0.0","0.0","0.0","0.0","0.0","0.0","0.0","0.0","0.0","0.0","0.0","0.0","0.0","0.0","0.0","0.0","0.0","0.0","0.0","0.0","0.0","0.0","0.0","0.0"
"/Users/shreya/git/digdeep/digdeep-common/src/com/ibm/research/digdeep/queries/SelectAccountPropertiesQuery.java","SelectAccountPropertiesQuery.java","0.6931471805599453","0.0","0.0","0.0","0.0","0.0","0.0","0.0","0.0","0.0","0.0","0.0","0.0","0.0","0.0","0.0","0.0","0.0","0.0","0.0","0.0","0.0","0.0","0.0","0.0","0.0","0.0","0.0","0.0"
"/Users/shreya/git/digdeep/digdeep-common/src/com/ibm/research/digdeep/queries/SelectAmountFromAccountChargesForAccount.java","SelectAmountFromAccountChargesForAccount.java","0.6931471805599453","0.0","0.0","0.0","0.0","0.0","0.0","0.0","0.0","0.0","0.0","0.0","0.0","0.0","0.0","0.0","0.0","0.0","0.0","0.0","0.0","0.0","0.0","0.0","0.0","0.0","0.0","0.0","0.0"
"/Users/shreya/git/digdeep/digdeep-common/src/com/ibm/research/digdeep/queries/SelectCountTaskByStatusAndAccount.java","SelectCountTaskByStatusAndAccount.java","0.6931471805599453","0.0","0.0","0.0","0.0","0.0","0.0","0.0","0.0","0.0","0.0","0.0","0.0","0.0","0.0","0.0","0.0","0.0","0.0","0.0","0.0","0.0","0.0","0.0","0.0","0.0","0.0","0.0","0.0"
"/Users/shreya/git/digdeep/digdeep-common/src/com/ibm/research/digdeep/queries/InsertIntoAccountsQuery.java","InsertIntoAccountsQuery.java","0.6931471805599453","0.0","0.0","0.0","0.0","0.0","0.0","0.0","0.0","0.0","0.0","0.0","0.0","0.0","0.0","0.0","0.0","0.0","0.0","0.0","0.0","0.0","0.0","0.0","0.0","0.0","0.0","0.0","0.0"
"/Users/shreya/git/digdeep/digdeep-common/src/com/ibm/research/digdeep/queries/SelectLicensesByUserForItemQuery.java","SelectLicensesByUserForItemQuery.java","0.6931471805599453","0.0","0.0","0.0","0.0","0.0","0.0","0.0","0.0","0.0","0.0","0.0","0.0","0.0","0.0","0.0","0.0","0.0","0.0","0.0","0.0","0.0","0.0","0.0","0.0","0.0","0.0","0.0","0.0"
"/Users/shreya/git/digdeep/digdeep-common/src/com/ibm/research/digdeep/queries/UpdateAccountPropertiesMetaDataQuery.java","UpdateAccountPropertiesMetaDataQuery.java","0.6931471805599453","0.0","0.0","0.0","0.0","0.0","0.0","0.0","0.0","0.0","0.0","0.0","0.0","0.0","0.0","0.0","0.0","0.0","0.0","0.0","0.0","0.0","0.0","0.0","0.0","0.0","0.0","0.0","0.0"
"/Users/shreya/git/digdeep/digdeep-common/src/com/ibm/research/digdeep/queries/SelectAccountsQuery.java","SelectAccountsQuery.java","0.6931471805599453","0.0","0.0","0.0","0.0","0.0","0.0","0.0","0.0","0.0","0.0","0.0","0.0","0.0","0.0","0.0","0.0","0.0","0.0","0.0","0.0","0.0","0.0","0.0","0.0","0.0","0.0","0.0","0.0"
"/Users/shreya/git/digdeep/digdeep-common/src/com/ibm/research/digdeep/queries/DeleteFromInvestigationQuery.java","DeleteFromInvestigationQuery.java","0.6931471805599453","0.0","0.0","0.0","0.0","0.0","0.0","0.0","0.0","0.0","0.0","0.0","0.0","0.0","0.0","0.0","0.0","0.0","0.0","0.0","0.0","0.0","0.0","0.0","0.0","0.0","0.0","0.0","0.0"
"/Users/shreya/git/digdeep/digdeep-common/src/com/ibm/research/digdeep/queries/SelectOldestQueuedTaskQuery.java","SelectOldestQueuedTaskQuery.java","0.6931471805599453","0.0","0.0","0.0","0.0","0.0","0.0","0.0","0.0","0.0","0.0","0.0","0.0","0.0","0.0","0.0","0.0","0.0","0.0","0.0","0.0","0.0","0.0","0.0","0.0","0.0","0.0","0.0","0.0"
"/Users/shreya/git/digdeep/digdeep-common/src/com/ibm/research/digdeep/queries/SelectPlanForUserQuery.java","SelectPlanForUserQuery.java","0.6931471805599453","0.0","0.0","0.0","0.0","0.0","0.0","0.0","0.0","0.0","0.0","0.0","0.0","0.0","0.0","0.0","0.0","0.0","0.0","0.0","0.0","0.0","0.0","0.0","0.0","0.0","0.0","0.0","0.0"
"/Users/shreya/git/digdeep/digdeep-common/src/com/ibm/research/digdeep/queries/DeleteFromAccessControlQuery.java","DeleteFromAccessControlQuery.java","0.6931471805599453","0.0","0.0","0.0","0.0","0.0","0.0","0.0","0.0","0.0","0.0","0.0","0.0","0.0","0.0","0.0","0.0","0.0","0.0","0.0","0.0","0.0","0.0","0.0","0.0","0.0","0.0","0.0","0.0"
"/Users/shreya/git/digdeep/digdeep-common/src/com/ibm/research/digdeep/queries/SelectVisistedUserQuery.java","SelectVisistedUserQuery.java","0.6931471805599453","0.0","0.0","0.0","0.0","0.0","0.0","0.0","0.0","0.0","0.0","0.0","0.0","0.0","0.0","0.0","0.0","0.0","0.0","0.0","0.0","0.0","0.0","0.0","0.0","0.0","0.0","0.0","0.0"
"/Users/shreya/git/digdeep/digdeep-common/src/com/ibm/research/digdeep/queries/UpdateAccountPropertiesMapQuery.java","UpdateAccountPropertiesMapQuery.java","0.6931471805599453","0.0","0.0","0.0","0.0","0.0","0.0","0.0","0.0","0.0","0.0","0.0","0.0","0.0","0.0","0.0","0.0","0.0","0.0","0.0","0.0","0.0","0.0","0.0","0.0","0.0","0.0","0.0","0.0"
"/Users/shreya/git/digdeep/digdeep-common/src/com/ibm/research/digdeep/queries/SelectLicensesByLicensor.java","SelectLicensesByLicensor.java","0.6931471805599453","0.0","0.0","0.0","0.0","0.0","0.0","0.0","0.0","0.0","0.0","0.0","0.0","0.0","0.0","0.0","0.0","0.0","0.0","0.0","0.0","0.0","0.0","0.0","0.0","0.0","0.0","0.0","0.0"
"/Users/shreya/git/digdeep/digdeep-common/src/com/ibm/research/digdeep/queries/SelectAdminUsersForAccountQuery.java","SelectAdminUsersForAccountQuery.java","0.6931471805599453","0.0","0.0","0.0","0.0","0.0","0.0","0.0","0.0","0.0","0.0","0.0","0.0","0.0","0.0","0.0","0.0","0.0","0.0","0.0","0.0","0.0","0.0","0.0","0.0","0.0","0.0","0.0","0.0"
"/Users/shreya/git/digdeep/digdeep-common/src/com/ibm/research/digdeep/queries/SelectAccountsForUserQuery.java","SelectAccountsForUserQuery.java","0.6931471805599453","0.0","0.0","0.0","0.0","0.0","0.0","0.0","0.0","0.0","0.0","0.0","0.0","0.0","0.0","0.0","0.0","0.0","0.0","0.0","0.0","0.0","0.0","0.0","0.0","0.0","0.0","0.0","0.0"
"/Users/shreya/git/digdeep/digdeep-common/src/com/ibm/research/digdeep/queries/SelectTotalAmountPaid.java","SelectTotalAmountPaid.java","0.6931471805599453","0.0","0.0","0.0","0.0","0.0","0.0","0.0","0.0","0.0","0.0","0.0","0.0","0.0","0.0","0.0","0.0","0.0","0.0","0.0","0.0","0.0","0.0","0.0","0.0","0.0","0.0","0.0","0.0"
"/Users/shreya/git/digdeep/digdeep-common/src/com/ibm/research/digdeep/queries/InsertIntoPaymentsQuery.java","InsertIntoPaymentsQuery.java","0.6931471805599453","0.0","0.0","0.0","0.0","0.0","0.0","0.0","0.0","0.0","0.0","0.0","0.0","0.0","0.0","0.0","0.0","0.0","0.0","0.0","0.0","0.0","0.0","0.0","0.0","0.0","0.0","0.0","0.0"
"/Users/shreya/git/digdeep/digdeep-common/src/com/ibm/research/digdeep/queries/SelectDistinctUsersFromWebUsageForAccount.java","SelectDistinctUsersFromWebUsageForAccount.java","0.6931471805599453","0.0","0.0","0.0","0.0","0.0","0.0","0.0","0.0","0.0","0.0","0.0","0.0","0.0","0.0","0.0","0.0","0.0","0.0","0.0","0.0","0.0","0.0","0.0","0.0","0.0","0.0","0.0","0.0"
"/Users/shreya/git/digdeep/digdeep-common/src/com/ibm/research/digdeep/queries/SelectTrackUsageByAccount.java","SelectTrackUsageByAccount.java","0.6931471805599453","0.0","0.0","0.0","0.0","0.0","0.0","0.0","0.0","0.0","0.0","0.0","0.0","0.0","0.0","0.0","0.0","0.0","0.0","0.0","0.0","0.0","0.0","0.0","0.0","0.0","0.0","0.0","0.0"
"/Users/shreya/git/digdeep/digdeep-common/src/com/ibm/research/digdeep/queries/UpdateLicensesSetRevokedQuery.java","UpdateLicensesSetRevokedQuery.java","0.6931471805599453","0.0","0.0","0.0","0.0","0.0","0.0","0.0","0.0","0.0","0.0","0.0","0.0","0.0","0.0","0.0","0.0","0.0","0.0","0.0","0.0","0.0","0.0","0.0","0.0","0.0","0.0","0.0","0.0"
"/Users/shreya/git/digdeep/digdeep-common/src/com/ibm/research/digdeep/queries/UpdateRunningTasksToQueued.java","UpdateRunningTasksToQueued.java","0.6931471805599453","0.0","0.0","0.0","0.0","0.0","0.0","0.0","0.0","0.0","0.0","0.0","0.0","0.0","0.0","0.0","0.0","0.0","0.0","0.0","0.0","0.0","0.0","0.0","0.0","0.0","0.0","0.0","0.0"
"/Users/shreya/git/digdeep/digdeep-common/src/com/ibm/research/digdeep/queries/SelectTasksByAccountQuery.java","SelectTasksByAccountQuery.java","0.6931471805599453","0.0","0.0","0.0","0.0","0.0","0.0","0.0","0.0","0.0","0.0","0.0","0.0","0.0","0.0","0.0","0.0","0.0","0.0","0.0","0.0","0.0","0.0","0.0","0.0","0.0","0.0","0.0","0.0"
"/Users/shreya/git/digdeep/digdeep-common/src/com/ibm/research/digdeep/queries/InsertIntoAccessControlQuery.java","InsertIntoAccessControlQuery.java","0.6931471805599453","0.0","0.0","0.0","0.0","0.0","0.0","0.0","0.0","0.0","0.0","0.0","0.0","0.0","0.0","0.0","0.0","0.0","0.0","0.0","0.0","0.0","0.0","0.0","0.0","0.0","0.0","0.0","0.0"
"/Users/shreya/git/digdeep/digdeep-common/src/com/ibm/research/digdeep/queries/InsertIntoInvestigationsQuery.java","InsertIntoInvestigationsQuery.java","0.6931471805599453","0.0","0.0","0.0","0.0","0.0","0.0","0.0","0.0","0.0","0.0","0.0","0.0","0.0","0.0","0.0","0.0","0.0","0.0","0.0","0.0","0.0","0.0","0.0","0.0","0.0","0.0","0.0","0.0"
"/Users/shreya/git/digdeep/digdeep-common/src/com/ibm/research/digdeep/queries/UpdateAccountPropertiesDrMapQuery.java","UpdateAccountPropertiesDrMapQuery.java","0.6931471805599453","0.0","0.0","0.0","0.0","0.0","0.0","0.0","0.0","0.0","0.0","0.0","0.0","0.0","0.0","0.0","0.0","0.0","0.0","0.0","0.0","0.0","0.0","0.0","0.0","0.0","0.0","0.0","0.0"
"/Users/shreya/git/digdeep/digdeep-common/src/com/ibm/research/digdeep/queries/SelectAccountByNameQuery.java","SelectAccountByNameQuery.java","0.6931471805599453","0.0","0.0","0.0","0.0","0.0","0.0","0.0","0.0","0.0","0.0","0.0","0.0","0.0","0.0","0.0","0.0","0.0","0.0","0.0","0.0","0.0","0.0","0.0","0.0","0.0","0.0","0.0","0.0"
"/Users/shreya/git/digdeep/digdeep-common/src/com/ibm/research/digdeep/queries/UpdateAccessControlQuery.java","UpdateAccessControlQuery.java","0.6931471805599453","0.0","0.0","0.0","0.0","0.0","0.0","0.0","0.0","0.0","0.0","0.0","0.0","0.0","0.0","0.0","0.0","0.0","0.0","0.0","0.0","0.0","0.0","0.0","0.0","0.0","0.0","0.0","0.0"
"/Users/shreya/git/digdeep/digdeep-common/src/com/ibm/research/digdeep/queries/SelectTotalAmountFromAccountCharges.java","SelectTotalAmountFromAccountCharges.java","0.6931471805599453","0.0","0.0","0.0","0.0","0.0","0.0","0.0","0.0","0.0","0.0","0.0","0.0","0.0","0.0","0.0","0.0","0.0","0.0","0.0","0.0","0.0","0.0","0.0","0.0","0.0","0.0","0.0","0.0"
"/Users/shreya/git/digdeep/digdeep-common/src/com/ibm/research/digdeep/queries/UpdateTaskStatusQuery.java","UpdateTaskStatusQuery.java","0.6931471805599453","0.0","0.0","0.0","0.0","0.0","0.0","0.0","0.0","0.0","0.0","0.0","0.0","0.0","0.0","0.0","0.0","0.0","0.0","0.0","0.0","0.0","0.0","0.0","0.0","0.0","0.0","0.0","0.0"
"/Users/shreya/git/digdeep/digdeep-common/src/com/ibm/research/digdeep/queries/InsertIntoTrackUsageQuery.java","InsertIntoTrackUsageQuery.java","0.6931471805599453","0.0","0.0","0.0","0.0","0.0","0.0","0.0","0.0","0.0","0.0","0.0","0.0","0.0","0.0","0.0","0.0","0.0","0.0","0.0","0.0","0.0","0.0","0.0","0.0","0.0","0.0","0.0","0.0"
"/Users/shreya/git/digdeep/digdeep-common/src/com/ibm/research/digdeep/queries/SelectCountTaskByStatus.java","SelectCountTaskByStatus.java","0.6931471805599453","0.0","0.0","0.0","0.0","0.0","0.0","0.0","0.0","0.0","0.0","0.0","0.0","0.0","0.0","0.0","0.0","0.0","0.0","0.0","0.0","0.0","0.0","0.0","0.0","0.0","0.0","0.0","0.0"
"/Users/shreya/git/digdeep/digdeep-common/src/com/ibm/research/digdeep/queries/SelectAccessControlForAccountQuery.java","SelectAccessControlForAccountQuery.java","0.6931471805599453","0.0","0.0","0.0","0.0","0.0","0.0","0.0","0.0","0.0","0.0","0.0","0.0","0.0","0.0","0.0","0.0","0.0","0.0","0.0","0.0","0.0","0.0","0.0","0.0","0.0","0.0","0.0","0.0"
"/Users/shreya/git/digdeep/digdeep-common/src/com/ibm/research/digdeep/queries/InsertIntoPlanQuery.java","InsertIntoPlanQuery.java","0.6931471805599453","0.0","0.0","0.0","0.0","0.0","0.0","0.0","0.0","0.0","0.0","0.0","0.0","0.0","0.0","0.0","0.0","0.0","0.0","0.0","0.0","0.0","0.0","0.0","0.0","0.0","0.0","0.0","0.0"
"/Users/shreya/git/digdeep/digdeep-common/src/com/ibm/research/digdeep/queries/SelectActiveTasksByStatus.java","SelectActiveTasksByStatus.java","0.6931471805599453","0.0","0.0","0.0","0.0","0.0","0.0","0.0","0.0","0.0","0.0","0.0","0.0","0.0","0.0","0.0","0.0","0.0","0.0","0.0","0.0","0.0","0.0","0.0","0.0","0.0","0.0","0.0","0.0"
"/Users/shreya/git/digdeep/digdeep-common/src/com/ibm/research/digdeep/queries/DeleteFromLicensesQuery.java","DeleteFromLicensesQuery.java","0.6931471805599453","0.0","0.0","0.0","0.0","0.0","0.0","0.0","0.0","0.0","0.0","0.0","0.0","0.0","0.0","0.0","0.0","0.0","0.0","0.0","0.0","0.0","0.0","0.0","0.0","0.0","0.0","0.0","0.0"
"/Users/shreya/git/digdeep/digdeep-common/src/com/ibm/research/digdeep/queries/SelectAccessControlEntryWithAdminQuery.java","SelectAccessControlEntryWithAdminQuery.java","0.6931471805599453","0.0","0.0","0.0","0.0","0.0","0.0","0.0","0.0","0.0","0.0","0.0","0.0","0.0","0.0","0.0","0.0","0.0","0.0","0.0","0.0","0.0","0.0","0.0","0.0","0.0","0.0","0.0","0.0"
"/Users/shreya/git/digdeep/digdeep-common/src/com/ibm/research/digdeep/queries/SelectDistinctUsersFromWebUsage.java","SelectDistinctUsersFromWebUsage.java","0.6931471805599453","0.0","0.0","0.0","0.0","0.0","0.0","0.0","0.0","0.0","0.0","0.0","0.0","0.0","0.0","0.0","0.0","0.0","0.0","0.0","0.0","0.0","0.0","0.0","0.0","0.0","0.0","0.0","0.0"
"/Users/shreya/git/digdeep/digdeep-common/src/com/ibm/research/digdeep/queries/SelectActiveTasksByStatusAndAccount.java","SelectActiveTasksByStatusAndAccount.java","0.6931471805599453","0.0","0.0","0.0","0.0","0.0","0.0","0.0","0.0","0.0","0.0","0.0","0.0","0.0","0.0","0.0","0.0","0.0","0.0","0.0","0.0","0.0","0.0","0.0","0.0","0.0","0.0","0.0","0.0"
"/Users/shreya/git/digdeep/digdeep-common/src/com/ibm/research/digdeep/queries/UpdateInvestigationSetComment.java","UpdateInvestigationSetComment.java","0.6931471805599453","0.0","0.0","0.0","0.0","0.0","0.0","0.0","0.0","0.0","0.0","0.0","0.0","0.0","0.0","0.0","0.0","0.0","0.0","0.0","0.0","0.0","0.0","0.0","0.0","0.0","0.0","0.0","0.0"
"/Users/shreya/git/digdeep/digdeep-common/src/com/ibm/research/digdeep/queries/SelectTotalAmountPaidForAccount.java","SelectTotalAmountPaidForAccount.java","0.6931471805599453","0.0","0.0","0.0","0.0","0.0","0.0","0.0","0.0","0.0","0.0","0.0","0.0","0.0","0.0","0.0","0.0","0.0","0.0","0.0","0.0","0.0","0.0","0.0","0.0","0.0","0.0","0.0","0.0"
"/Users/shreya/git/digdeep/digdeep-common/src/com/ibm/research/digdeep/queries/UpdateAccountsSetDeletedQuery.java","UpdateAccountsSetDeletedQuery.java","0.6931471805599453","0.0","0.0","0.0","0.0","0.0","0.0","0.0","0.0","0.0","0.0","0.0","0.0","0.0","0.0","0.0","0.0","0.0","0.0","0.0","0.0","0.0","0.0","0.0","0.0","0.0","0.0","0.0","0.0"
"/Users/shreya/git/digdeep/digdeep-common/src/com/ibm/research/digdeep/queries/SelectAccessControlEntryQuery.java","SelectAccessControlEntryQuery.java","0.6931471805599453","0.0","0.0","0.0","0.0","0.0","0.0","0.0","0.0","0.0","0.0","0.0","0.0","0.0","0.0","0.0","0.0","0.0","0.0","0.0","0.0","0.0","0.0","0.0","0.0","0.0","0.0","0.0","0.0"
"/Users/shreya/git/digdeep/digdeep-common/src/com/ibm/research/digdeep/Account.java","Account.java","0.6931471805599453","0.0","0.0","0.0","0.0","0.0","0.0","0.0","0.0","0.0","0.0","0.0","0.0","0.0","0.0","0.0","0.0","0.0","0.0","0.0","0.0","0.0","0.0","0.0","0.0","0.0","0.0","0.0","0.0"
"/Users/shreya/git/digdeep/digdeep-common/src/com/ibm/research/digdeep/AccessibleAccount.java","AccessibleAccount.java","0.6931471805599453","0.0","0.0","0.0","0.0","0.0","0.0","0.0","0.0","0.0","0.0","0.0","0.0","0.0","0.0","0.0","0.0","0.0","0.0","0.0","0.0","0.0","0.0","0.0","0.0","0.0","0.0","0.0","0.0"
"/Users/shreya/git/digdeep/digdeep-common/src/com/ibm/research/digdeep/UsageType.java","UsageType.java","0.6931471805599453","0.0","0.0","0.0","0.0","0.0","0.0","0.0","0.0","0.0","0.0","0.0","0.0","0.0","0.0","0.0","0.0","0.0","0.0","0.0","0.0","0.0","0.0","0.0","0.0","0.0","0.0","0.0","0.0"
"/Users/shreya/git/digdeep/digdeep-common/src/com/ibm/research/digdeep/AccessLevel.java","AccessLevel.java","0.6931471805599453","0.0","0.0","0.0","0.0","0.0","0.0","0.0","0.0","0.0","0.0","0.0","0.0","0.0","0.0","0.0","0.0","0.0","0.0","0.0","0.0","0.0","0.0","0.0","0.0","0.0","0.0","0.0","0.0"
"/Users/shreya/git/digdeep/digdeep-common/src/com/ibm/research/digdeep/csv/DataType.java","DataType.java","0.6931471805599453","0.0","0.0","0.0","0.0","0.0","0.0","0.0","0.0","0.0","0.0","0.0","0.0","0.0","0.0","0.0","0.0","0.0","0.0","0.0","0.0","0.0","0.0","0.0","0.0","0.0","0.0","0.0","0.0"
"/Users/shreya/git/digdeep/digdeep-common/src/com/ibm/research/digdeep/csv/TypeGuess.java","TypeGuess.java","0.6931471805599453","0.0","0.0","0.0","0.0","0.0","0.0","0.0","0.0","0.0","0.0","0.0","0.0","0.0","0.0","0.0","0.0","0.0","0.0","0.0","0.0","0.0","0.0","0.0","0.0","0.0","0.0","0.0","0.0"
"/Users/shreya/git/digdeep/digdeep-common/src/com/ibm/research/digdeep/csv/CsvDataTypeParser.java","CsvDataTypeParser.java","0.6931471805599453","0.0","0.0","0.0","0.0","0.0","0.0","0.0","0.0","0.0","0.0","0.0","0.0","0.0","0.0","0.0","0.0","0.0","0.0","0.0","0.0","0.0","0.0","0.0","0.0","0.0","0.0","0.0","0.0"
"/Users/shreya/git/digdeep/digdeep-common/src/com/ibm/research/digdeep/csv/CsvInfo.java","CsvInfo.java","0.6931471805599453","0.0","0.0","0.0","0.0","0.0","0.0","0.0","0.0","0.0","0.0","0.0","0.0","0.0","0.0","0.0","0.0","0.0","0.0","0.0","0.0","0.0","0.0","0.0","0.0","0.0","0.0","0.0","0.0"
"/Users/shreya/git/digdeep/digdeep-common/src/com/ibm/research/digdeep/AccountProperties.java","AccountProperties.java","0.6931471805599453","0.0","0.0","0.0","0.0","0.0","0.0","0.0","0.0","0.0","0.0","0.0","0.0","0.0","0.0","0.0","0.0","0.0","0.0","0.0","0.0","0.0","0.0","0.0","0.0","0.0","0.0","0.0","0.0"
"/Users/shreya/git/digdeep/digdeep-common/src/com/ibm/research/digdeep/Task.java","Task.java","0.6931471805599453","0.0","0.0","0.0","0.0","0.0","0.0","0.0","0.0","0.0","0.0","0.0","0.0","0.0","0.0","0.0","0.0","0.0","0.0","0.0","0.0","0.0","0.0","0.0","0.0","0.0","0.0","0.0","0.0"
"/Users/shreya/git/digdeep/digdeep-common/src/com/ibm/research/digdeep/Plan.java","Plan.java","0.6931471805599453","0.0","0.0","0.0","0.0","0.0","0.0","0.0","0.0","0.0","0.0","0.0","0.0","0.0","0.0","0.0","0.0","0.0","0.0","0.0","0.0","0.0","0.0","0.0","0.0","0.0","0.0","0.0","0.0"
"/Users/shreya/git/digdeep/digdeep-common/src/com/ibm/research/digdeep/Usage.java","Usage.java","0.6931471805599453","0.0","0.0","0.0","0.0","0.0","0.0","0.0","0.0","0.0","0.0","0.0","0.0","0.0","0.0","0.0","0.0","0.0","0.0","0.0","0.0","0.0","0.0","0.0","0.0","0.0","0.0","0.0","0.0"
"/Users/shreya/git/digdeep/digdeep-common/src/com/ibm/research/digdeep/DigDeep.java","DigDeep.java","0.6931471805599453","0.0","0.0","0.0","0.0","0.0","0.0","0.0","0.0","0.0","0.0","0.0","0.0","0.0","0.0","0.0","0.0","0.0","0.0","0.0","0.0","0.0","0.0","0.0","0.0","0.0","0.0","0.0","0.0"
"/Users/shreya/git/digdeep/digdeep-common/src/com/ibm/research/digdeep/Domain.java","Domain.java","0.0","0.41415110829800006","0.0","0.0","0.0","0.0","0.0","0.0","0.0","0.0","0.0","0.0","0.0","0.0","0.0","0.0","0.0","0.0","0.0","0.0","0.0","0.0","0.0","0.0","0.0","0.0","0.0","0.0","0.0"
"/Users/shreya/git/digdeep/digdeep-common/src/com/ibm/research/json/JSONException.java","JSONException.java","0.6931471805599453","0.0","0.0","0.0","0.0","0.0","0.0","0.0","0.0","0.0","0.0","0.0","0.0","0.0","0.0","0.0","0.0","0.0","0.0","0.0","0.0","0.0","0.0","0.0","0.0","0.0","0.0","0.0","0.0"
"/Users/shreya/git/digdeep/digdeep-common/src/com/ibm/research/json/JSONArray.java","JSONArray.java","0.0","0.0","0.0","0.0","0.0","0.0","0.0","0.0","0.0","0.0","0.0","0.0","0.0","0.0","0.0","0.0","0.0","0.0","0.0","0.0","0.0","0.0","0.0","0.0","0.0","0.0","0.0","0.0","3.3132088663840005"
"/Users/shreya/git/digdeep/digdeep-common/src/com/ibm/research/json/JSONObject.java","JSONObject.java","0.0","0.0","0.0","0.0","0.0","0.0","0.0","0.0","0.0","0.0","0.0","0.0","0.0","0.0","0.0","0.0","0.0","0.0","0.0","0.0","0.0","0.0","0.0","0.0","0.0","0.0","0.0","0.0","4.969813299576001"
"/Users/shreya/git/digdeep/digdeep-common/src/com/ibm/research/sql/Update.java","Update.java","0.6931471805599453","0.0","0.0","0.0","0.0","0.0","0.0","0.0","0.0","0.0","0.0","0.0","0.0","0.0","0.0","0.0","0.0","0.0","0.0","0.0","0.0","0.0","0.0","0.0","0.0","0.0","0.0","0.0","0.0"
"/Users/shreya/git/digdeep/digdeep-common/src/com/ibm/research/sql/VoidQuery.java","VoidQuery.java","0.6931471805599453","0.0","0.0","0.0","0.0","0.0","0.0","0.0","0.0","0.0","0.0","0.0","0.0","0.0","0.0","0.0","0.0","0.0","0.0","0.0","0.0","0.0","0.0","0.0","0.0","0.0","0.0","0.0","0.0"
"/Users/shreya/git/digdeep/digdeep-common/src/com/ibm/research/sql/Statement.java","Statement.java","0.6931471805599453","0.0","0.0","0.0","0.0","0.0","0.0","0.0","0.0","0.0","0.0","0.0","0.0","0.0","0.0","0.0","0.0","0.0","0.0","0.0","0.0","0.0","0.0","0.0","0.0","0.0","0.0","0.0","0.0"
"/Users/shreya/git/digdeep/digdeep-common/src/com/ibm/research/sql/SingletonQuery.java","SingletonQuery.java","0.6931471805599453","0.0","0.0","0.0","0.0","0.0","0.0","0.0","0.0","0.0","0.0","0.0","0.0","0.0","0.0","0.0","0.0","0.0","0.0","0.0","0.0","0.0","0.0","0.0","0.0","0.0","0.0","0.0","0.0"
"/Users/shreya/git/digdeep/digdeep-common/src/com/ibm/research/sql/Query.java","Query.java","0.6931471805599453","0.0","0.0","0.0","0.0","0.0","0.0","0.0","0.0","0.0","0.0","0.0","0.0","0.0","0.0","0.0","0.0","0.0","0.0","0.0","0.0","0.0","0.0","0.0","0.0","0.0","0.0","0.0","0.0"
"/Users/shreya/git/digdeep/digdeep-git-history-web/src/com/ibm/research/digdeep/git/GitHistoryResource.java","GitHistoryResource.java","0.0","0.14199466570217145","0.0","0.7129513857188008","0.22121148633759377","0.0","0.0","0.0","0.0","0.0","0.0","0.0","0.0","0.0","0.0","0.0","0.0","0.0","0.0","0.0","0.0","0.0","0.0","0.0","0.0","0.0","0.0","0.0","0.0"
